customerID,companyName,contactName,contactTitle,address,city,region,postalCode,country,phone
CUST000001,Company 1,Contact 1,Title 1,Address 1,City 1,CA,1,USA,555-000-0001
CUST000002,Company 2,Contact 2,Title 2,Address 2,City 2,NY,2,USA,555-000-0002
CUST000003,Company 3,Contact 3,Title 3,Address 3,City 3,TX,3,USA,555-000-0003
CUST000004,Company 4,Contact 4,Title 4,Address 4,City 4,FL,4,USA,555-000-0004
CUST000005,Company 5,Contact 5,Title 5,Address 5,City 5,GA,5,USA,555-000-0005
CUST000006,Company 6,Contact 6,Title 6,Address 6,City 6,QC,6,Canada,555-000-0006
CUST000007,Company 7,Contact 7,Title 7,Address 7,City 7,NSW,7,Australia,555-000-0007
CUST000008,Company 8,Contact 8,Title 8,Address 8,City 8,BC,8,Canada,555-000-0008
CUST000009,Company 9,Contact 9,Title 9,Address 9,City 9,WA,9,USA,555-000-0009
CUST000010,Company 10,Contact 10,Title 10,Address 10,City 10,ENG,10,UK,555-000-0010
CUST000011,Company 11,Contact 11,Title 11,Address 11,City 11,ENG,11,UK,555-000-0011
CUST000012,Company 12,Contact 12,Title 12,Address 12,City 12,ENG,12,UK,555-000-0012
CUST000013,Company 13,Contact 13,Title 13,Address 13,City 13,ENG,13,UK,555-000-0013
CUST000014,Company 14,Contact 14,Title 14,Address 14,City 14,ENG,14,UK,555-000-0014
CUST000015,Company 15,Contact 15,Title 15,Address 15,City 15,ENG,15,UK,555-000-0015
CUST000016,Company 16,Contact 16,Title 16,Address 16,City 16,ENG,16,UK,555-000-0016
CUST000017,Company 17,Contact 17,Title 17,Address 17,City 17,ENG,17,UK,555-000-0017
CUST000018,Company 18,Contact 18,Title 18,Address 18,City 18,ENG,18,UK,555-000-0018
CUST000019,Company 19,Contact 19,Title 19,Address 19,City 19,ENG,19,UK,555-000-0019
CUST000020,Company 20,Contact 20,Title 20,Address 20,City 20,ENG,20,UK,555-000-0020
CUST000021,Company 21,Contact 21,Title 21,Address 21,City 21,ENG,21,UK,555-000-0021
CUST000022,Company 22,Contact 22,Title 22,Address 22,City 22,ENG,22,UK,555-000-0022
CUST000023,Company 23,Contact 23,Title 23,Address 23,City 23,ENG,23,UK,555-000-0023
CUST000024,Company 24,Contact 24,Title 24,Address 24,City 24,ENG,24,UK,555-000-0024
CUST000025,Company 25,Contact 25,Title 25,Address 25,City 25,ENG,25,UK,555-000-0025
CUST000026,Company 26,Contact 26,Title 26,Address 26,City 26,ENG,26,UK,555-000-0026
CUST000027,Company 27,Contact 27,Title 27,Address 27,City 27,ENG,27,UK,555-000-0027
CUST000028,Company 28,Contact 28,Title 28,Address 28,City 28,ENG,28,UK,555-000-0028
CUST000029,Company 29,Contact 29,Title 29,Address 29,City 29,ENG,29,UK,555-000-0029
CUST000030,Company 30,Contact 30,Title 30,Address 30,City 30,ENG,30,UK,555-000-0030
CUST000031,Company 31,Contact 31,Title 31,Address 31,City 31,ENG,31,UK,555-000-0031
CUST000032,Company 32,Contact 32,Title 32,Address 32,City 32,ENG,32,UK,555-000-0032
CUST000033,Company 33,Contact 33,Title 33,Address 33,City 33,ENG,33,UK,555-000-0033
CUST000034,Company 34,Contact 34,Title 34,Address 34,City 34,ENG,34,UK,555-000-0034
CUST000035,Company 35,Contact 35,Title 35,Address 35,City 35,ENG,35,UK,555-000-0035
CUST000036,Company 36,Contact 36,Title 36,Address 36,City 36,ENG,36,UK,555-000-0036
CUST000037,Company 37,Contact 37,Title 37,Address 37,City 37,ENG,37,UK,555-000-0037
CUST000038,Company 38,Contact 38,Title 38,Address 38,City 38,ENG,38,UK,555-000-0038
CUST000039,Company 39,Contact 39,Title 39,Address 39,City 39,ENG,39,UK,555-000-0039
CUST000040,Company 40,Contact 40,Title 40,Address 40,City 40,ENG,40,UK,555-000-0040
CUST000041,Company 41,Contact 41,Title 41,Address 41,City 41,ENG,41,UK,555-000-0041
CUST000042,Company 42,Contact 42,Title 42,Address 42,City 42,ENG,42,UK,555-000-0042
CUST000043,Company 43,Contact 43,Title 43,Address 43,City 43,ENG,43,UK,555-000-0043
CUST000044,Company 44,Contact 44,Title 44,Address 44,City 44,ENG,44,UK,555-000-0044
CUST000045,Company 45,Contact 45,Title 45,Address 45,City 45,ENG,45,UK,555-000-0045
CUST000046,Company 46,Contact 46,Title 46,Address 46,City 46,ENG,46,UK,555-000-0046
CUST000047,Company 47,Contact 47,Title 47,Address 47,City 47,ENG,47,UK,555-000-0047
CUST000048,Company 48,Contact 48,Title 48,Address 48,City 48,ENG,48,UK,555-000-0048
CUST000049,Company 49,Contact 49,Title 49,Address 49,City 49,ENG,49,UK,555-000-0049
CUST000050,Company 50,Contact 50,Title 50,Address 50,City 50,ENG,50,UK,555-000-0050
CUST000051,Company 51,Contact 51,Title 51,Address 51,City 51,ENG,51,UK,555-000-0051
CUST000052,Company 52,Contact 52,Title 52,Address 52,City 52,ENG,52,UK,555-000-0052
CUST000053,Company 53,Contact 53,Title 53,Address 53,City 53,ENG,53,UK,555-000-0053
CUST000054,Company 54,Contact 54,Title 54,Address 54,City 54,ENG,54,UK,555-000-0054
CUST000055,Company 55,Contact 55,Title 55,Address 55,City 55,ENG,55,UK,555-000-0055
CUST000056,Company 56,Contact 56,Title 56,Address 56,City 56,ENG,56,UK,555-000-0056
CUST000057,Company 57,Contact 57,Title 57,Address 57,City 57,ENG,57,UK,555-000-0057
CUST000058,Company 58,Contact 58,Title 58,Address 58,City 58,ENG,58,UK,555-000-0058
CUST000059,Company 59,Contact 59,Title 59,Address 59,City 59,ENG,59,UK,555-000-0059
CUST000060,Company 60,Contact 60,Title 60,Address 60,City 60,ENG,60,UK,555-000-0060
CUST000061,Company 61,Contact 61,Title 61,Address 61,City 61,ENG,61,UK,555-000-0061
CUST000062,Company 62,Contact 62,Title 62,Address 62,City 62,ENG,62,UK,555-000-0062
CUST000063,Company 63,Contact 63,Title 63,Address 63,City 63,ENG,63,UK,555-000-0063
CUST000064,Company 64,Contact 64,Title 64,Address 64,City 64,ENG,64,UK,555-000-0064
CUST000065,Company 65,Contact 65,Title 65,Address 65,City 65,ENG,65,UK,555-000-0065
CUST000066,Company 66,Contact 66,Title 66,Address 66,City 66,ENG,66,UK,555-000-0066
CUST000067,Company 67,Contact 67,Title 67,Address 67,City 67,ENG,67,UK,555-000-0067
CUST000068,Company 68,Contact 68,Title 68,Address 68,City 68,ENG,68,UK,555-000-0068
CUST000069,Company 69,Contact 69,Title 69,Address 69,City 69,ENG,69,UK,555-000-0069
CUST000070,Company 70,Contact 70,Title 70,Address 70,City 70,ENG,70,UK,555-000-0070
CUST000071,Company 71,Contact 71,Title 71,Address 71,City 71,ENG,71,UK,555-000-0071
CUST000072,Company 72,Contact 72,Title 72,Address 72,City 72,ENG,72,UK,555-000-0072
CUST000073,Company 73,Contact 73,Title 73,Address 73,City 73,ENG,73,UK,555-000-0073
CUST000074,Company 74,Contact 74,Title 74,Address 74,City 74,ENG,74,UK,555-000-0074
CUST000075,Company 75,Contact 75,Title 75,Address 75,City 75,ENG,75,UK,555-000-0075
CUST000076,Company 76,Contact 76,Title 76,Address 76,City 76,ENG,76,UK,555-000-0076
CUST000077,Company 77,Contact 77,Title 77,Address 77,City 77,ENG,77,UK,555-000-0077
CUST000078,Company 78,Contact 78,Title 78,Address 78,City 78,ENG,78,UK,555-000-0078
CUST000079,Company 79,Contact 79,Title 79,Address 79,City 79,ENG,79,UK,555-000-0079
CUST000080,Company 80,Contact 80,Title 80,Address 80,City 80,ENG,80,UK,555-000-0080
CUST000081,Company 81,Contact 81,Title 81,Address 81,City 81,ENG,81,UK,555-000-0081
CUST000082,Company 82,Contact 82,Title 82,Address 82,City 82,ENG,82,UK,555-000-0082
CUST000083,Company 83,Contact 83,Title 83,Address 83,City 83,ENG,83,UK,555-000-0083
CUST000084,Company 84,Contact 84,Title 84,Address 84,City 84,ENG,84,UK,555-000-0084
CUST000085,Company 85,Contact 85,Title 85,Address 85,City 85,ENG,85,UK,555-000-0085
CUST000086,Company 86,Contact 86,Title 86,Address 86,City 86,ENG,86,UK,555-000-0086
CUST000087,Company 87,Contact 87,Title 87,Address 87,City 87,ENG,87,UK,555-000-0087
CUST000088,Company 88,Contact 88,Title 88,Address 88,City 88,ENG,88,UK,555-000-0088
CUST000089,Company 89,Contact 89,Title 89,Address 89,City 89,ENG,89,UK,555-000-0089
CUST000090,Company 90,Contact 90,Title 90,Address 90,City 90,ENG,90,UK,555-000-0090
CUST000091,Company 91,Contact 91,Title 91,Address 91,City 91,ENG,91,UK,555-000-0091
CUST000092,Company 92,Contact 92,Title 92,Address 92,City 92,ENG,92,UK,555-000-0092
CUST000093,Company 93,Contact 93,Title 93,Address 93,City 93,ENG,93,UK,555-000-0093
CUST000094,Company 94,Contact 94,Title 94,Address 94,City 94,ENG,94,UK,555-000-0094
CUST000095,Company 95,Contact 95,Title 95,Address 95,City 95,ENG,95,UK,555-000-0095
CUST000096,Company 96,Contact 96,Title 96,Address 96,City 96,ENG,96,UK,555-000-0096
CUST000097,Company 97,Contact 97,Title 97,Address 97,City 97,ENG,97,UK,555-000-0097
CUST000098,Company 98,Contact 98,Title 98,Address 98,City 98,ENG,98,UK,555-000-0098
CUST000099,Company 99,Contact 99,Title 99,Address 99,City 99,ENG,99,UK,555-000-0099
CUST000100,Company 100,Contact 100,Title 100,Address 100,City 100,ENG,100,UK,555-000-0100
CUST000101,Company 101,Contact 101,Title 101,Address 101,City 101,ENG,101,UK,555-000-0101
CUST000102,Company 102,Contact 102,Title 102,Address 102,City 102,ENG,102,UK,555-000-0102
CUST000103,Company 103,Contact 103,Title 103,Address 103,City 103,ENG,103,UK,555-000-0103
CUST000104,Company 104,Contact 104,Title 104,Address 104,City 104,ENG,104,UK,555-000-0104
CUST000105,Company 105,Contact 105,Title 105,Address 105,City 105,ENG,105,UK,555-000-0105
CUST000106,Company 106,Contact 106,Title 106,Address 106,City 106,ENG,106,UK,555-000-0106
CUST000107,Company 107,Contact 107,Title 107,Address 107,City 107,ENG,107,UK,555-000-0107
CUST000108,Company 108,Contact 108,Title 108,Address 108,City 108,ENG,108,UK,555-000-0108
CUST000109,Company 109,Contact 109,Title 109,Address 109,City 109,ENG,109,UK,555-000-0109
CUST000110,Company 110,Contact 110,Title 110,Address 110,City 110,ENG,110,UK,555-000-0110
CUST000111,Company 111,Contact 111,Title 111,Address 111,City 111,ENG,111,UK,555-000-0111
CUST000112,Company 112,Contact 112,Title 112,Address 112,City 112,ENG,112,UK,555-000-0112
CUST000113,Company 113,Contact 113,Title 113,Address 113,City 113,ENG,113,UK,555-000-0113
CUST000114,Company 114,Contact 114,Title 114,Address 114,City 114,ENG,114,UK,555-000-0114
CUST000115,Company 115,Contact 115,Title 115,Address 115,City 115,ENG,115,UK,555-000-0115
CUST000116,Company 116,Contact 116,Title 116,Address 116,City 116,ENG,116,UK,555-000-0116
CUST000117,Company 117,Contact 117,Title 117,Address 117,City 117,ENG,117,UK,555-000-0117
CUST000118,Company 118,Contact 118,Title 118,Address 118,City 118,ENG,118,UK,555-000-0118
CUST000119,Company 119,Contact 119,Title 119,Address 119,City 119,ENG,119,UK,555-000-0119
CUST000120,Company 120,Contact 120,Title 120,Address 120,City 120,ENG,120,UK,555-000-0120
CUST000121,Company 121,Contact 121,Title 121,Address 121,City 121,ENG,121,UK,555-000-0121
CUST000122,Company 122,Contact 122,Title 122,Address 122,City 122,ENG,122,UK,555-000-0122
CUST000123,Company 123,Contact 123,Title 123,Address 123,City 123,ENG,123,UK,555-000-0123
CUST000124,Company 124,Contact 124,Title 124,Address 124,City 124,ENG,124,UK,555-000-0124
CUST000125,Company 125,Contact 125,Title 125,Address 125,City 125,ENG,125,UK,555-000-0125
CUST000126,Company 126,Contact 126,Title 126,Address 126,City 126,ENG,126,UK,555-000-0126
CUST000127,Company 127,Contact 127,Title 127,Address 127,City 127,ENG,127,UK,555-000-0127
CUST000128,Company 128,Contact 128,Title 128,Address 128,City 128,ENG,128,UK,555-000-0128
CUST000129,Company 129,Contact 129,Title 129,Address 129,City 129,ENG,129,UK,555-000-0129
CUST000130,Company 130,Contact 130,Title 130,Address 130,City 130,ENG,130,UK,555-000-0130
CUST000131,Company 131,Contact 131,Title 131,Address 131,City 131,ENG,131,UK,555-000-0131
CUST000132,Company 132,Contact 132,Title 132,Address 132,City 132,ENG,132,UK,555-000-0132
CUST000133,Company 133,Contact 133,Title 133,Address 133,City 133,ENG,133,UK,555-000-0133
CUST000134,Company 134,Contact 134,Title 134,Address 134,City 134,ENG,134,UK,555-000-0134
CUST000135,Company 135,Contact 135,Title 135,Address 135,City 135,ENG,135,UK,555-000-0135
CUST000136,Company 136,Contact 136,Title 136,Address 136,City 136,ENG,136,UK,555-000-0136
CUST000137,Company 137,Contact 137,Title 137,Address 137,City 137,ENG,137,UK,555-000-0137
CUST000138,Company 138,Contact 138,Title 138,Address 138,City 138,ENG,138,UK,555-000-0138
CUST000139,Company 139,Contact 139,Title 139,Address 139,City 139,ENG,139,UK,555-000-0139
CUST000140,Company 140,Contact 140,Title 140,Address 140,City 140,ENG,140,UK,555-000-0140
CUST000141,Company 141,Contact 141,Title 141,Address 141,City 141,ENG,141,UK,555-000-0141
CUST000142,Company 142,Contact 142,Title 142,Address 142,City 142,ENG,142,UK,555-000-0142
CUST000143,Company 143,Contact 143,Title 143,Address 143,City 143,ENG,143,UK,555-000-0143
CUST000144,Company 144,Contact 144,Title 144,Address 144,City 144,ENG,144,UK,555-000-0144
CUST000145,Company 145,Contact 145,Title 145,Address 145,City 145,ENG,145,UK,555-000-0145
CUST000146,Company 146,Contact 146,Title 146,Address 146,City 146,ENG,146,UK,555-000-0146
CUST000147,Company 147,Contact 147,Title 147,Address 147,City 147,ENG,147,UK,555-000-0147
CUST000148,Company 148,Contact 148,Title 148,Address 148,City 148,ENG,148,UK,555-000-0148
CUST000149,Company 149,Contact 149,Title 149,Address 149,City 149,ENG,149,UK,555-000-0149
CUST000150,Company 150,Contact 150,Title 150,Address 150,City 150,ENG,150,UK,555-000-0150
CUST000151,Company 151,Contact 151,Title 151,Address 151,City 151,ENG,151,UK,555-000-0151
CUST000152,Company 152,Contact 152,Title 152,Address 152,City 152,ENG,152,UK,555-000-0152
CUST000153,Company 153,Contact 153,Title 153,Address 153,City 153,ENG,153,UK,555-000-0153
CUST000154,Company 154,Contact 154,Title 154,Address 154,City 154,ENG,154,UK,555-000-0154
CUST000155,Company 155,Contact 155,Title 155,Address 155,City 155,ENG,155,UK,555-000-0155
CUST000156,Company 156,Contact 156,Title 156,Address 156,City 156,ENG,156,UK,555-000-0156
CUST000157,Company 157,Contact 157,Title 157,Address 157,City 157,ENG,157,UK,555-000-0157
CUST000158,Company 158,Contact 158,Title 158,Address 158,City 158,ENG,158,UK,555-000-0158
CUST000159,Company 159,Contact 159,Title 159,Address 159,City 159,ENG,159,UK,555-000-0159
CUST000160,Company 160,Contact 160,Title 160,Address 160,City 160,ENG,160,UK,555-000-0160
CUST000161,Company 161,Contact 161,Title 161,Address 161,City 161,ENG,161,UK,555-000-0161
CUST000162,Company 162,Contact 162,Title 162,Address 162,City 162,ENG,162,UK,555-000-0162
CUST000163,Company 163,Contact 163,Title 163,Address 163,City 163,ENG,163,UK,555-000-0163
CUST000164,Company 164,Contact 164,Title 164,Address 164,City 164,ENG,164,UK,555-000-0164
CUST000165,Company 165,Contact 165,Title 165,Address 165,City 165,ENG,165,UK,555-000-0165
CUST000166,Company 166,Contact 166,Title 166,Address 166,City 166,ENG,166,UK,555-000-0166
CUST000167,Company 167,Contact 167,Title 167,Address 167,City 167,ENG,167,UK,555-000-0167
CUST000168,Company 168,Contact 168,Title 168,Address 168,City 168,ENG,168,UK,555-000-0168
CUST000169,Company 169,Contact 169,Title 169,Address 169,City 169,ENG,169,UK,555-000-0169
CUST000170,Company 170,Contact 170,Title 170,Address 170,City 170,ENG,170,UK,555-000-0170
CUST000171,Company 171,Contact 171,Title 171,Address 171,City 171,ENG,171,UK,555-000-0171
CUST000172,Company 172,Contact 172,Title 172,Address 172,City 172,ENG,172,UK,555-000-0172
CUST000173,Company 173,Contact 173,Title 173,Address 173,City 173,ENG,173,UK,555-000-0173
CUST000174,Company 174,Contact 174,Title 174,Address 174,City 174,ENG,174,UK,555-000-0174
CUST000175,Company 175,Contact 175,Title 175,Address 175,City 175,ENG,175,UK,555-000-0175
CUST000176,Company 176,Contact 176,Title 176,Address 176,City 176,ENG,176,UK,555-000-0176
CUST000177,Company 177,Contact 177,Title 177,Address 177,City 177,ENG,177,UK,555-000-0177
CUST000178,Company 178,Contact 178,Title 178,Address 178,City 178,ENG,178,UK,555-000-0178
CUST000179,Company 179,Contact 179,Title 179,Address 179,City 179,ENG,179,UK,555-000-0179
CUST000180,Company 180,Contact 180,Title 180,Address 180,City 180,ENG,180,UK,555-000-0180
CUST000181,Company 181,Contact 181,Title 181,Address 181,City 181,ENG,181,UK,555-000-0181
CUST000182,Company 182,Contact 182,Title 182,Address 182,City 182,ENG,182,UK,555-000-0182
CUST000183,Company 183,Contact 183,Title 183,Address 183,City 183,ENG,183,UK,555-000-0183
CUST000184,Company 184,Contact 184,Title 184,Address 184,City 184,ENG,184,UK,555-000-0184
CUST000185,Company 185,Contact 185,Title 185,Address 185,City 185,ENG,185,UK,555-000-0185
CUST000186,Company 186,Contact 186,Title 186,Address 186,City 186,ENG,186,UK,555-000-0186
CUST000187,Company 187,Contact 187,Title 187,Address 187,City 187,ENG,187,UK,555-000-0187
CUST000188,Company 188,Contact 188,Title 188,Address 188,City 188,ENG,188,UK,555-000-0188
CUST000189,Company 189,Contact 189,Title 189,Address 189,City 189,ENG,189,UK,555-000-0189
CUST000190,Company 190,Contact 190,Title 190,Address 190,City 190,ENG,190,UK,555-000-0190
CUST000191,Company 191,Contact 191,Title 191,Address 191,City 191,ENG,191,UK,555-000-0191
CUST000192,Company 192,Contact 192,Title 192,Address 192,City 192,ENG,192,UK,555-000-0192
CUST000193,Company 193,Contact 193,Title 193,Address 193,City 193,ENG,193,UK,555-000-0193
CUST000194,Company 194,Contact 194,Title 194,Address 194,City 194,ENG,194,UK,555-000-0194
CUST000195,Company 195,Contact 195,Title 195,Address 195,City 195,ENG,195,UK,555-000-0195
CUST000196,Company 196,Contact 196,Title 196,Address 196,City 196,ENG,196,UK,555-000-0196
CUST000197,Company 197,Contact 197,Title 197,Address 197,City 197,ENG,197,UK,555-000-0197
CUST000198,Company 198,Contact 198,Title 198,Address 198,City 198,ENG,198,UK,555-000-0198
CUST000199,Company 199,Contact 199,Title 199,Address 199,City 199,ENG,199,UK,555-000-0199
CUST000200,Company 200,Contact 200,Title 200,Address 200,City 200,ENG,200,UK,555-000-0200
CUST000201,Company 201,Contact 201,Title 201,Address 201,City 201,ENG,201,UK,555-000-0201
CUST000202,Company 202,Contact 202,Title 202,Address 202,City 202,ENG,202,UK,555-000-0202
CUST000203,Company 203,Contact 203,Title 203,Address 203,City 203,ENG,203,UK,555-000-0203
CUST000204,Company 204,Contact 204,Title 204,Address 204,City 204,ENG,204,UK,555-000-0204
CUST000205,Company 205,Contact 205,Title 205,Address 205,City 205,ENG,205,UK,555-000-0205
CUST000206,Company 206,Contact 206,Title 206,Address 206,City 206,ENG,206,UK,555-000-0206
CUST000207,Company 207,Contact 207,Title 207,Address 207,City 207,ENG,207,UK,555-000-0207
CUST000208,Company 208,Contact 208,Title 208,Address 208,City 208,ENG,208,UK,555-000-0208
CUST000209,Company 209,Contact 209,Title 209,Address 209,City 209,ENG,209,UK,555-000-0209
CUST000210,Company 210,Contact 210,Title 210,Address 210,City 210,ENG,210,UK,555-000-0210
CUST000211,Company 211,Contact 211,Title 211,Address 211,City 211,ENG,211,UK,555-000-0211
CUST000212,Company 212,Contact 212,Title 212,Address 212,City 212,ENG,212,UK,555-000-0212
CUST000213,Company 213,Contact 213,Title 213,Address 213,City 213,ENG,213,UK,555-000-0213
CUST000214,Company 214,Contact 214,Title 214,Address 214,City 214,ENG,214,UK,555-000-0214
CUST000215,Company 215,Contact 215,Title 215,Address 215,City 215,ENG,215,UK,555-000-0215
CUST000216,Company 216,Contact 216,Title 216,Address 216,City 216,ENG,216,UK,555-000-0216
CUST000217,Company 217,Contact 217,Title 217,Address 217,City 217,ENG,217,UK,555-000-0217
CUST000218,Company 218,Contact 218,Title 218,Address 218,City 218,ENG,218,UK,555-000-0218
CUST000219,Company 219,Contact 219,Title 219,Address 219,City 219,ENG,219,UK,555-000-0219
CUST000220,Company 220,Contact 220,Title 220,Address 220,City 220,ENG,220,UK,555-000-0220
CUST000221,Company 221,Contact 221,Title 221,Address 221,City 221,ENG,221,UK,555-000-0221
CUST000222,Company 222,Contact 222,Title 222,Address 222,City 222,ENG,222,UK,555-000-0222
CUST000223,Company 223,Contact 223,Title 223,Address 223,City 223,ENG,223,UK,555-000-0223
CUST000224,Company 224,Contact 224,Title 224,Address 224,City 224,ENG,224,UK,555-000-0224
CUST000225,Company 225,Contact 225,Title 225,Address 225,City 225,ENG,225,UK,555-000-0225
CUST000226,Company 226,Contact 226,Title 226,Address 226,City 226,ENG,226,UK,555-000-0226
CUST000227,Company 227,Contact 227,Title 227,Address 227,City 227,ENG,227,UK,555-000-0227
CUST000228,Company 228,Contact 228,Title 228,Address 228,City 228,ENG,228,UK,555-000-0228
CUST000229,Company 229,Contact 229,Title 229,Address 229,City 229,ENG,229,UK,555-000-0229
CUST000230,Company 230,Contact 230,Title 230,Address 230,City 230,ENG,230,UK,555-000-0230
CUST000231,Company 231,Contact 231,Title 231,Address 231,City 231,ENG,231,UK,555-000-0231
CUST000232,Company 232,Contact 232,Title 232,Address 232,City 232,ENG,232,UK,555-000-0232
CUST000233,Company 233,Contact 233,Title 233,Address 233,City 233,ENG,233,UK,555-000-0233
CUST000234,Company 234,Contact 234,Title 234,Address 234,City 234,ENG,234,UK,555-000-0234
CUST000235,Company 235,Contact 235,Title 235,Address 235,City 235,ENG,235,UK,555-000-0235
CUST000236,Company 236,Contact 236,Title 236,Address 236,City 236,ENG,236,UK,555-000-0236
CUST000237,Company 237,Contact 237,Title 237,Address 237,City 237,ENG,237,UK,555-000-0237
CUST000238,Company 238,Contact 238,Title 238,Address 238,City 238,ENG,238,UK,555-000-0238
CUST000239,Company 239,Contact 239,Title 239,Address 239,City 239,ENG,239,UK,555-000-0239
CUST000240,Company 240,Contact 240,Title 240,Address 240,City 240,ENG,240,UK,555-000-0240
CUST000241,Company 241,Contact 241,Title 241,Address 241,City 241,ENG,241,UK,555-000-0241
CUST000242,Company 242,Contact 242,Title 242,Address 242,City 242,ENG,242,UK,555-000-0242
CUST000243,Company 243,Contact 243,Title 243,Address 243,City 243,ENG,243,UK,555-000-0243
CUST000244,Company 244,Contact 244,Title 244,Address 244,City 244,ENG,244,UK,555-000-0244
CUST000245,Company 245,Contact 245,Title 245,Address 245,City 245,ENG,245,UK,555-000-0245
CUST000246,Company 246,Contact 246,Title 246,Address 246,City 246,ENG,246,UK,555-000-0246
CUST000247,Company 247,Contact 247,Title 247,Address 247,City 247,ENG,247,UK,555-000-0247
CUST000248,Company 248,Contact 248,Title 248,Address 248,City 248,ENG,248,UK,555-000-0248
CUST000249,Company 249,Contact 249,Title 249,Address 249,City 249,ENG,249,UK,555-000-0249
CUST000250,Company 250,Contact 250,Title 250,Address 250,City 250,ENG,250,UK,555-000-0250
CUST000251,Company 251,Contact 251,Title 251,Address 251,City 251,ENG,251,UK,555-000-0251
CUST000252,Company 252,Contact 252,Title 252,Address 252,City 252,ENG,252,UK,555-000-0252
CUST000253,Company 253,Contact 253,Title 253,Address 253,City 253,ENG,253,UK,555-000-0253
CUST000254,Company 254,Contact 254,Title 254,Address 254,City 254,ENG,254,UK,555-000-0254
CUST000255,Company 255,Contact 255,Title 255,Address 255,City 255,ENG,255,UK,555-000-0255
CUST000256,Company 256,Contact 256,Title 256,Address 256,City 256,ENG,256,UK,555-000-0256
CUST000257,Company 257,Contact 257,Title 257,Address 257,City 257,ENG,257,UK,555-000-0257
CUST000258,Company 258,Contact 258,Title 258,Address 258,City 258,ENG,258,UK,555-000-0258
CUST000259,Company 259,Contact 259,Title 259,Address 259,City 259,ENG,259,UK,555-000-0259
CUST000260,Company 260,Contact 260,Title 260,Address 260,City 260,ENG,260,UK,555-000-0260
CUST000261,Company 261,Contact 261,Title 261,Address 261,City 261,ENG,261,UK,555-000-0261
CUST000262,Company 262,Contact 262,Title 262,Address 262,City 262,ENG,262,UK,555-000-0262
CUST000263,Company 263,Contact 263,Title 263,Address 263,City 263,ENG,263,UK,555-000-0263
CUST000264,Company 264,Contact 264,Title 264,Address 264,City 264,ENG,264,UK,555-000-0264
CUST000265,Company 265,Contact 265,Title 265,Address 265,City 265,ENG,265,UK,555-000-0265
CUST000266,Company 266,Contact 266,Title 266,Address 266,City 266,ENG,266,UK,555-000-0266
CUST000267,Company 267,Contact 267,Title 267,Address 267,City 267,ENG,267,UK,555-000-0267
CUST000268,Company 268,Contact 268,Title 268,Address 268,City 268,ENG,268,UK,555-000-0268
CUST000269,Company 269,Contact 269,Title 269,Address 269,City 269,ENG,269,UK,555-000-0269
CUST000270,Company 270,Contact 270,Title 270,Address 270,City 270,ENG,270,UK,555-000-0270
CUST000271,Company 271,Contact 271,Title 271,Address 271,City 271,ENG,271,UK,555-000-0271
CUST000272,Company 272,Contact 272,Title 272,Address 272,City 272,ENG,272,UK,555-000-0272
CUST000273,Company 273,Contact 273,Title 273,Address 273,City 273,ENG,273,UK,555-000-0273
CUST000274,Company 274,Contact 274,Title 274,Address 274,City 274,ENG,274,UK,555-000-0274
CUST000275,Company 275,Contact 275,Title 275,Address 275,City 275,ENG,275,UK,555-000-0275
CUST000276,Company 276,Contact 276,Title 276,Address 276,City 276,ENG,276,UK,555-000-0276
CUST000277,Company 277,Contact 277,Title 277,Address 277,City 277,ENG,277,UK,555-000-0277
CUST000278,Company 278,Contact 278,Title 278,Address 278,City 278,ENG,278,UK,555-000-0278
CUST000279,Company 279,Contact 279,Title 279,Address 279,City 279,ENG,279,UK,555-000-0279
CUST000280,Company 280,Contact 280,Title 280,Address 280,City 280,ENG,280,UK,555-000-0280
CUST000281,Company 281,Contact 281,Title 281,Address 281,City 281,ENG,281,UK,555-000-0281
CUST000282,Company 282,Contact 282,Title 282,Address 282,City 282,ENG,282,UK,555-000-0282
CUST000283,Company 283,Contact 283,Title 283,Address 283,City 283,ENG,283,UK,555-000-0283
CUST000284,Company 284,Contact 284,Title 284,Address 284,City 284,ENG,284,UK,555-000-0284
CUST000285,Company 285,Contact 285,Title 285,Address 285,City 285,ENG,285,UK,555-000-0285
CUST000286,Company 286,Contact 286,Title 286,Address 286,City 286,ENG,286,UK,555-000-0286
CUST000287,Company 287,Contact 287,Title 287,Address 287,City 287,ENG,287,UK,555-000-0287
CUST000288,Company 288,Contact 288,Title 288,Address 288,City 288,ENG,288,UK,555-000-0288
CUST000289,Company 289,Contact 289,Title 289,Address 289,City 289,ENG,289,UK,555-000-0289
CUST000290,Company 290,Contact 290,Title 290,Address 290,City 290,ENG,290,UK,555-000-0290
CUST000291,Company 291,Contact 291,Title 291,Address 291,City 291,ENG,291,UK,555-000-0291
CUST000292,Company 292,Contact 292,Title 292,Address 292,City 292,ENG,292,UK,555-000-0292
CUST000293,Company 293,Contact 293,Title 293,Address 293,City 293,ENG,293,UK,555-000-0293
CUST000294,Company 294,Contact 294,Title 294,Address 294,City 294,ENG,294,UK,555-000-0294
CUST000295,Company 295,Contact 295,Title 295,Address 295,City 295,ENG,295,UK,555-000-0295
CUST000296,Company 296,Contact 296,Title 296,Address 296,City 296,ENG,296,UK,555-000-0296
CUST000297,Company 297,Contact 297,Title 297,Address 297,City 297,ENG,297,UK,555-000-0297
CUST000298,Company 298,Contact 298,Title 298,Address 298,City 298,ENG,298,UK,555-000-0298
CUST000299,Company 299,Contact 299,Title 299,Address 299,City 299,ENG,299,UK,555-000-0299
CUST000300,Company 300,Contact 300,Title 300,Address 300,City 300,ENG,300,UK,555-000-0300
CUST000301,Company 301,Contact 301,Title 301,Address 301,City 301,ENG,301,UK,555-000-0301
CUST000302,Company 302,Contact 302,Title 302,Address 302,City 302,ENG,302,UK,555-000-0302
CUST000303,Company 303,Contact 303,Title 303,Address 303,City 303,ENG,303,UK,555-000-0303
CUST000304,Company 304,Contact 304,Title 304,Address 304,City 304,ENG,304,UK,555-000-0304
CUST000305,Company 305,Contact 305,Title 305,Address 305,City 305,ENG,305,UK,555-000-0305
CUST000306,Company 306,Contact 306,Title 306,Address 306,City 306,ENG,306,UK,555-000-0306
CUST000307,Company 307,Contact 307,Title 307,Address 307,City 307,ENG,307,UK,555-000-0307
CUST000308,Company 308,Contact 308,Title 308,Address 308,City 308,ENG,308,UK,555-000-0308
CUST000309,Company 309,Contact 309,Title 309,Address 309,City 309,ENG,309,UK,555-000-0309
CUST000310,Company 310,Contact 310,Title 310,Address 310,City 310,ENG,310,UK,555-000-0310
CUST000311,Company 311,Contact 311,Title 311,Address 311,City 311,ENG,311,UK,555-000-0311
CUST000312,Company 312,Contact 312,Title 312,Address 312,City 312,ENG,312,UK,555-000-0312
CUST000313,Company 313,Contact 313,Title 313,Address 313,City 313,ENG,313,UK,555-000-0313
CUST000314,Company 314,Contact 314,Title 314,Address 314,City 314,ENG,314,UK,555-000-0314
CUST000315,Company 315,Contact 315,Title 315,Address 315,City 315,ENG,315,UK,555-000-0315
CUST000316,Company 316,Contact 316,Title 316,Address 316,City 316,ENG,316,UK,555-000-0316
CUST000317,Company 317,Contact 317,Title 317,Address 317,City 317,ENG,317,UK,555-000-0317
CUST000318,Company 318,Contact 318,Title 318,Address 318,City 318,ENG,318,UK,555-000-0318
CUST000319,Company 319,Contact 319,Title 319,Address 319,City 319,ENG,319,UK,555-000-0319
CUST000320,Company 320,Contact 320,Title 320,Address 320,City 320,ENG,320,UK,555-000-0320
CUST000321,Company 321,Contact 321,Title 321,Address 321,City 321,ENG,321,UK,555-000-0321
CUST000322,Company 322,Contact 322,Title 322,Address 322,City 322,ENG,322,UK,555-000-0322
CUST000323,Company 323,Contact 323,Title 323,Address 323,City 323,ENG,323,UK,555-000-0323
CUST000324,Company 324,Contact 324,Title 324,Address 324,City 324,ENG,324,UK,555-000-0324
CUST000325,Company 325,Contact 325,Title 325,Address 325,City 325,ENG,325,UK,555-000-0325
CUST000326,Company 326,Contact 326,Title 326,Address 326,City 326,ENG,326,UK,555-000-0326
CUST000327,Company 327,Contact 327,Title 327,Address 327,City 327,ENG,327,UK,555-000-0327
CUST000328,Company 328,Contact 328,Title 328,Address 328,City 328,ENG,328,UK,555-000-0328
CUST000329,Company 329,Contact 329,Title 329,Address 329,City 329,ENG,329,UK,555-000-0329
CUST000330,Company 330,Contact 330,Title 330,Address 330,City 330,ENG,330,UK,555-000-0330
CUST000331,Company 331,Contact 331,Title 331,Address 331,City 331,ENG,331,UK,555-000-0331
CUST000332,Company 332,Contact 332,Title 332,Address 332,City 332,ENG,332,UK,555-000-0332
CUST000333,Company 333,Contact 333,Title 333,Address 333,City 333,ENG,333,UK,555-000-0333
CUST000334,Company 334,Contact 334,Title 334,Address 334,City 334,ENG,334,UK,555-000-0334
CUST000335,Company 335,Contact 335,Title 335,Address 335,City 335,ENG,335,UK,555-000-0335
CUST000336,Company 336,Contact 336,Title 336,Address 336,City 336,ENG,336,UK,555-000-0336
CUST000337,Company 337,Contact 337,Title 337,Address 337,City 337,ENG,337,UK,555-000-0337
CUST000338,Company 338,Contact 338,Title 338,Address 338,City 338,ENG,338,UK,555-000-0338
CUST000339,Company 339,Contact 339,Title 339,Address 339,City 339,ENG,339,UK,555-000-0339
CUST000340,Company 340,Contact 340,Title 340,Address 340,City 340,ENG,340,UK,555-000-0340
CUST000341,Company 341,Contact 341,Title 341,Address 341,City 341,ENG,341,UK,555-000-0341
CUST000342,Company 342,Contact 342,Title 342,Address 342,City 342,ENG,342,UK,555-000-0342
CUST000343,Company 343,Contact 343,Title 343,Address 343,City 343,ENG,343,UK,555-000-0343
CUST000344,Company 344,Contact 344,Title 344,Address 344,City 344,ENG,344,UK,555-000-0344
CUST000345,Company 345,Contact 345,Title 345,Address 345,City 345,ENG,345,UK,555-000-0345
CUST000346,Company 346,Contact 346,Title 346,Address 346,City 346,ENG,346,UK,555-000-0346
CUST000347,Company 347,Contact 347,Title 347,Address 347,City 347,ENG,347,UK,555-000-0347
CUST000348,Company 348,Contact 348,Title 348,Address 348,City 348,ENG,348,UK,555-000-0348
CUST000349,Company 349,Contact 349,Title 349,Address 349,City 349,ENG,349,UK,555-000-0349
CUST000350,Company 350,Contact 350,Title 350,Address 350,City 350,ENG,350,UK,555-000-0350
CUST000351,Company 351,Contact 351,Title 351,Address 351,City 351,ENG,351,UK,555-000-0351
CUST000352,Company 352,Contact 352,Title 352,Address 352,City 352,ENG,352,UK,555-000-0352
CUST000353,Company 353,Contact 353,Title 353,Address 353,City 353,ENG,353,UK,555-000-0353
CUST000354,Company 354,Contact 354,Title 354,Address 354,City 354,ENG,354,UK,555-000-0354
CUST000355,Company 355,Contact 355,Title 355,Address 355,City 355,ENG,355,UK,555-000-0355
CUST000356,Company 356,Contact 356,Title 356,Address 356,City 356,ENG,356,UK,555-000-0356
CUST000357,Company 357,Contact 357,Title 357,Address 357,City 357,ENG,357,UK,555-000-0357
CUST000358,Company 358,Contact 358,Title 358,Address 358,City 358,ENG,358,UK,555-000-0358
CUST000359,Company 359,Contact 359,Title 359,Address 359,City 359,ENG,359,UK,555-000-0359
CUST000360,Company 360,Contact 360,Title 360,Address 360,City 360,ENG,360,UK,555-000-0360
CUST000361,Company 361,Contact 361,Title 361,Address 361,City 361,ENG,361,UK,555-000-0361
CUST000362,Company 362,Contact 362,Title 362,Address 362,City 362,ENG,362,UK,555-000-0362
CUST000363,Company 363,Contact 363,Title 363,Address 363,City 363,ENG,363,UK,555-000-0363
CUST000364,Company 364,Contact 364,Title 364,Address 364,City 364,ENG,364,UK,555-000-0364
CUST000365,Company 365,Contact 365,Title 365,Address 365,City 365,ENG,365,UK,555-000-0365
CUST000366,Company 366,Contact 366,Title 366,Address 366,City 366,ENG,366,UK,555-000-0366
CUST000367,Company 367,Contact 367,Title 367,Address 367,City 367,ENG,367,UK,555-000-0367
CUST000368,Company 368,Contact 368,Title 368,Address 368,City 368,ENG,368,UK,555-000-0368
CUST000369,Company 369,Contact 369,Title 369,Address 369,City 369,ENG,369,UK,555-000-0369
CUST000370,Company 370,Contact 370,Title 370,Address 370,City 370,ENG,370,UK,555-000-0370
CUST000371,Company 371,Contact 371,Title 371,Address 371,City 371,ENG,371,UK,555-000-0371
CUST000372,Company 372,Contact 372,Title 372,Address 372,City 372,ENG,372,UK,555-000-0372
CUST000373,Company 373,Contact 373,Title 373,Address 373,City 373,ENG,373,UK,555-000-0373
CUST000374,Company 374,Contact 374,Title 374,Address 374,City 374,ENG,374,UK,555-000-0374
CUST000375,Company 375,Contact 375,Title 375,Address 375,City 375,ENG,375,UK,555-000-0375
CUST000376,Company 376,Contact 376,Title 376,Address 376,City 376,ENG,376,UK,555-000-0376
CUST000377,Company 377,Contact 377,Title 377,Address 377,City 377,ENG,377,UK,555-000-0377
CUST000378,Company 378,Contact 378,Title 378,Address 378,City 378,ENG,378,UK,555-000-0378
CUST000379,Company 379,Contact 379,Title 379,Address 379,City 379,ENG,379,UK,555-000-0379
CUST000380,Company 380,Contact 380,Title 380,Address 380,City 380,ENG,380,UK,555-000-0380
CUST000381,Company 381,Contact 381,Title 381,Address 381,City 381,ENG,381,UK,555-000-0381
CUST000382,Company 382,Contact 382,Title 382,Address 382,City 382,ENG,382,UK,555-000-0382
CUST000383,Company 383,Contact 383,Title 383,Address 383,City 383,ENG,383,UK,555-000-0383
CUST000384,Company 384,Contact 384,Title 384,Address 384,City 384,ENG,384,UK,555-000-0384
CUST000385,Company 385,Contact 385,Title 385,Address 385,City 385,ENG,385,UK,555-000-0385
CUST000386,Company 386,Contact 386,Title 386,Address 386,City 386,ENG,386,UK,555-000-0386
CUST000387,Company 387,Contact 387,Title 387,Address 387,City 387,ENG,387,UK,555-000-0387
CUST000388,Company 388,Contact 388,Title 388,Address 388,City 388,ENG,388,UK,555-000-0388
CUST000389,Company 389,Contact 389,Title 389,Address 389,City 389,ENG,389,UK,555-000-0389
CUST000390,Company 390,Contact 390,Title 390,Address 390,City 390,ENG,390,UK,555-000-0390
CUST000391,Company 391,Contact 391,Title 391,Address 391,City 391,ENG,391,UK,555-000-0391
CUST000392,Company 392,Contact 392,Title 392,Address 392,City 392,ENG,392,UK,555-000-0392
CUST000393,Company 393,Contact 393,Title 393,Address 393,City 393,ENG,393,UK,555-000-0393
CUST000394,Company 394,Contact 394,Title 394,Address 394,City 394,ENG,394,UK,555-000-0394
CUST000395,Company 395,Contact 395,Title 395,Address 395,City 395,ENG,395,UK,555-000-0395
CUST000396,Company 396,Contact 396,Title 396,Address 396,City 396,ENG,396,UK,555-000-0396
CUST000397,Company 397,Contact 397,Title 397,Address 397,City 397,ENG,397,UK,555-000-0397
CUST000398,Company 398,Contact 398,Title 398,Address 398,City 398,ENG,398,UK,555-000-0398
CUST000399,Company 399,Contact 399,Title 399,Address 399,City 399,ENG,399,UK,555-000-0399
CUST000400,Company 400,Contact 400,Title 400,Address 400,City 400,ENG,400,UK,555-000-0400
CUST000401,Company 401,Contact 401,Title 401,Address 401,City 401,ENG,401,UK,555-000-0401
CUST000402,Company 402,Contact 402,Title 402,Address 402,City 402,ENG,402,UK,555-000-0402
CUST000403,Company 403,Contact 403,Title 403,Address 403,City 403,ENG,403,UK,555-000-0403
CUST000404,Company 404,Contact 404,Title 404,Address 404,City 404,ENG,404,UK,555-000-0404
CUST000405,Company 405,Contact 405,Title 405,Address 405,City 405,ENG,405,UK,555-000-0405
CUST000406,Company 406,Contact 406,Title 406,Address 406,City 406,ENG,406,UK,555-000-0406
CUST000407,Company 407,Contact 407,Title 407,Address 407,City 407,ENG,407,UK,555-000-0407
CUST000408,Company 408,Contact 408,Title 408,Address 408,City 408,ENG,408,UK,555-000-0408
CUST000409,Company 409,Contact 409,Title 409,Address 409,City 409,ENG,409,UK,555-000-0409
CUST000410,Company 410,Contact 410,Title 410,Address 410,City 410,ENG,410,UK,555-000-0410
CUST000411,Company 411,Contact 411,Title 411,Address 411,City 411,ENG,411,UK,555-000-0411
CUST000412,Company 412,Contact 412,Title 412,Address 412,City 412,ENG,412,UK,555-000-0412
CUST000413,Company 413,Contact 413,Title 413,Address 413,City 413,ENG,413,UK,555-000-0413
CUST000414,Company 414,Contact 414,Title 414,Address 414,City 414,ENG,414,UK,555-000-0414
CUST000415,Company 415,Contact 415,Title 415,Address 415,City 415,ENG,415,UK,555-000-0415
CUST000416,Company 416,Contact 416,Title 416,Address 416,City 416,ENG,416,UK,555-000-0416
CUST000417,Company 417,Contact 417,Title 417,Address 417,City 417,ENG,417,UK,555-000-0417
CUST000418,Company 418,Contact 418,Title 418,Address 418,City 418,ENG,418,UK,555-000-0418
CUST000419,Company 419,Contact 419,Title 419,Address 419,City 419,ENG,419,UK,555-000-0419
CUST000420,Company 420,Contact 420,Title 420,Address 420,City 420,ENG,420,UK,555-000-0420
CUST000421,Company 421,Contact 421,Title 421,Address 421,City 421,ENG,421,UK,555-000-0421
CUST000422,Company 422,Contact 422,Title 422,Address 422,City 422,ENG,422,UK,555-000-0422
CUST000423,Company 423,Contact 423,Title 423,Address 423,City 423,ENG,423,UK,555-000-0423
CUST000424,Company 424,Contact 424,Title 424,Address 424,City 424,ENG,424,UK,555-000-0424
CUST000425,Company 425,Contact 425,Title 425,Address 425,City 425,ENG,425,UK,555-000-0425
CUST000426,Company 426,Contact 426,Title 426,Address 426,City 426,ENG,426,UK,555-000-0426
CUST000427,Company 427,Contact 427,Title 427,Address 427,City 427,ENG,427,UK,555-000-0427
CUST000428,Company 428,Contact 428,Title 428,Address 428,City 428,ENG,428,UK,555-000-0428
CUST000429,Company 429,Contact 429,Title 429,Address 429,City 429,ENG,429,UK,555-000-0429
CUST000430,Company 430,Contact 430,Title 430,Address 430,City 430,ENG,430,UK,555-000-0430
CUST000431,Company 431,Contact 431,Title 431,Address 431,City 431,ENG,431,UK,555-000-0431
CUST000432,Company 432,Contact 432,Title 432,Address 432,City 432,ENG,432,UK,555-000-0432
CUST000433,Company 433,Contact 433,Title 433,Address 433,City 433,ENG,433,UK,555-000-0433
CUST000434,Company 434,Contact 434,Title 434,Address 434,City 434,ENG,434,UK,555-000-0434
CUST000435,Company 435,Contact 435,Title 435,Address 435,City 435,ENG,435,UK,555-000-0435
CUST000436,Company 436,Contact 436,Title 436,Address 436,City 436,ENG,436,UK,555-000-0436
CUST000437,Company 437,Contact 437,Title 437,Address 437,City 437,ENG,437,UK,555-000-0437
CUST000438,Company 438,Contact 438,Title 438,Address 438,City 438,ENG,438,UK,555-000-0438
CUST000439,Company 439,Contact 439,Title 439,Address 439,City 439,ENG,439,UK,555-000-0439
CUST000440,Company 440,Contact 440,Title 440,Address 440,City 440,ENG,440,UK,555-000-0440
CUST000441,Company 441,Contact 441,Title 441,Address 441,City 441,ENG,441,UK,555-000-0441
CUST000442,Company 442,Contact 442,Title 442,Address 442,City 442,ENG,442,UK,555-000-0442
CUST000443,Company 443,Contact 443,Title 443,Address 443,City 443,ENG,443,UK,555-000-0443
CUST000444,Company 444,Contact 444,Title 444,Address 444,City 444,ENG,444,UK,555-000-0444
CUST000445,Company 445,Contact 445,Title 445,Address 445,City 445,ENG,445,UK,555-000-0445
CUST000446,Company 446,Contact 446,Title 446,Address 446,City 446,ENG,446,UK,555-000-0446
CUST000447,Company 447,Contact 447,Title 447,Address 447,City 447,ENG,447,UK,555-000-0447
CUST000448,Company 448,Contact 448,Title 448,Address 448,City 448,ENG,448,UK,555-000-0448
CUST000449,Company 449,Contact 449,Title 449,Address 449,City 449,ENG,449,UK,555-000-0449
CUST000450,Company 450,Contact 450,Title 450,Address 450,City 450,ENG,450,UK,555-000-0450
CUST000451,Company 451,Contact 451,Title 451,Address 451,City 451,ENG,451,UK,555-000-0451
CUST000452,Company 452,Contact 452,Title 452,Address 452,City 452,ENG,452,UK,555-000-0452
CUST000453,Company 453,Contact 453,Title 453,Address 453,City 453,ENG,453,UK,555-000-0453
CUST000454,Company 454,Contact 454,Title 454,Address 454,City 454,ENG,454,UK,555-000-0454
CUST000455,Company 455,Contact 455,Title 455,Address 455,City 455,ENG,455,UK,555-000-0455
CUST000456,Company 456,Contact 456,Title 456,Address 456,City 456,ENG,456,UK,555-000-0456
CUST000457,Company 457,Contact 457,Title 457,Address 457,City 457,ENG,457,UK,555-000-0457
CUST000458,Company 458,Contact 458,Title 458,Address 458,City 458,ENG,458,UK,555-000-0458
CUST000459,Company 459,Contact 459,Title 459,Address 459,City 459,ENG,459,UK,555-000-0459
CUST000460,Company 460,Contact 460,Title 460,Address 460,City 460,ENG,460,UK,555-000-0460
CUST000461,Company 461,Contact 461,Title 461,Address 461,City 461,ENG,461,UK,555-000-0461
CUST000462,Company 462,Contact 462,Title 462,Address 462,City 462,ENG,462,UK,555-000-0462
CUST000463,Company 463,Contact 463,Title 463,Address 463,City 463,ENG,463,UK,555-000-0463
CUST000464,Company 464,Contact 464,Title 464,Address 464,City 464,ENG,464,UK,555-000-0464
CUST000465,Company 465,Contact 465,Title 465,Address 465,City 465,ENG,465,UK,555-000-0465
CUST000466,Company 466,Contact 466,Title 466,Address 466,City 466,ENG,466,UK,555-000-0466
CUST000467,Company 467,Contact 467,Title 467,Address 467,City 467,ENG,467,UK,555-000-0467
CUST000468,Company 468,Contact 468,Title 468,Address 468,City 468,ENG,468,UK,555-000-0468
CUST000469,Company 469,Contact 469,Title 469,Address 469,City 469,ENG,469,UK,555-000-0469
CUST000470,Company 470,Contact 470,Title 470,Address 470,City 470,ENG,470,UK,555-000-0470
CUST000471,Company 471,Contact 471,Title 471,Address 471,City 471,ENG,471,UK,555-000-0471
CUST000472,Company 472,Contact 472,Title 472,Address 472,City 472,ENG,472,UK,555-000-0472
CUST000473,Company 473,Contact 473,Title 473,Address 473,City 473,ENG,473,UK,555-000-0473
CUST000474,Company 474,Contact 474,Title 474,Address 474,City 474,ENG,474,UK,555-000-0474
CUST000475,Company 475,Contact 475,Title 475,Address 475,City 475,ENG,475,UK,555-000-0475
CUST000476,Company 476,Contact 476,Title 476,Address 476,City 476,ENG,476,UK,555-000-0476
CUST000477,Company 477,Contact 477,Title 477,Address 477,City 477,ENG,477,UK,555-000-0477
CUST000478,Company 478,Contact 478,Title 478,Address 478,City 478,ENG,478,UK,555-000-0478
CUST000479,Company 479,Contact 479,Title 479,Address 479,City 479,ENG,479,UK,555-000-0479
CUST000480,Company 480,Contact 480,Title 480,Address 480,City 480,ENG,480,UK,555-000-0480
CUST000481,Company 481,Contact 481,Title 481,Address 481,City 481,ENG,481,UK,555-000-0481
CUST000482,Company 482,Contact 482,Title 482,Address 482,City 482,ENG,482,UK,555-000-0482
CUST000483,Company 483,Contact 483,Title 483,Address 483,City 483,ENG,483,UK,555-000-0483
CUST000484,Company 484,Contact 484,Title 484,Address 484,City 484,ENG,484,UK,555-000-0484
CUST000485,Company 485,Contact 485,Title 485,Address 485,City 485,ENG,485,UK,555-000-0485
CUST000486,Company 486,Contact 486,Title 486,Address 486,City 486,ENG,486,UK,555-000-0486
CUST000487,Company 487,Contact 487,Title 487,Address 487,City 487,ENG,487,UK,555-000-0487
CUST000488,Company 488,Contact 488,Title 488,Address 488,City 488,ENG,488,UK,555-000-0488
CUST000489,Company 489,Contact 489,Title 489,Address 489,City 489,ENG,489,UK,555-000-0489
CUST000490,Company 490,Contact 490,Title 490,Address 490,City 490,ENG,490,UK,555-000-0490
CUST000491,Company 491,Contact 491,Title 491,Address 491,City 491,ENG,491,UK,555-000-0491
CUST000492,Company 492,Contact 492,Title 492,Address 492,City 492,ENG,492,UK,555-000-0492
CUST000493,Company 493,Contact 493,Title 493,Address 493,City 493,ENG,493,UK,555-000-0493
CUST000494,Company 494,Contact 494,Title 494,Address 494,City 494,ENG,494,UK,555-000-0494
CUST000495,Company 495,Contact 495,Title 495,Address 495,City 495,ENG,495,UK,555-000-0495
CUST000496,Company 496,Contact 496,Title 496,Address 496,City 496,ENG,496,UK,555-000-0496
CUST000497,Company 497,Contact 497,Title 497,Address 497,City 497,ENG,497,UK,555-000-0497
CUST000498,Company 498,Contact 498,Title 498,Address 498,City 498,ENG,498,UK,555-000-0498
CUST000499,Company 499,Contact 499,Title 499,Address 499,City 499,ENG,499,UK,555-000-0499
CUST000500,Company 500,Contact 500,Title 500,Address 500,City 500,ENG,500,UK,555-000-0500
CUST000501,Company 501,Contact 501,Title 501,Address 501,City 501,ENG,501,UK,555-000-0501
CUST000502,Company 502,Contact 502,Title 502,Address 502,City 502,ENG,502,UK,555-000-0502
CUST000503,Company 503,Contact 503,Title 503,Address 503,City 503,ENG,503,UK,555-000-0503
CUST000504,Company 504,Contact 504,Title 504,Address 504,City 504,ENG,504,UK,555-000-0504
CUST000505,Company 505,Contact 505,Title 505,Address 505,City 505,ENG,505,UK,555-000-0505
CUST000506,Company 506,Contact 506,Title 506,Address 506,City 506,ENG,506,UK,555-000-0506
CUST000507,Company 507,Contact 507,Title 507,Address 507,City 507,ENG,507,UK,555-000-0507
CUST000508,Company 508,Contact 508,Title 508,Address 508,City 508,ENG,508,UK,555-000-0508
CUST000509,Company 509,Contact 509,Title 509,Address 509,City 509,ENG,509,UK,555-000-0509
CUST000510,Company 510,Contact 510,Title 510,Address 510,City 510,ENG,510,UK,555-000-0510
CUST000511,Company 511,Contact 511,Title 511,Address 511,City 511,ENG,511,UK,555-000-0511
CUST000512,Company 512,Contact 512,Title 512,Address 512,City 512,ENG,512,UK,555-000-0512
CUST000513,Company 513,Contact 513,Title 513,Address 513,City 513,ENG,513,UK,555-000-0513
CUST000514,Company 514,Contact 514,Title 514,Address 514,City 514,ENG,514,UK,555-000-0514
CUST000515,Company 515,Contact 515,Title 515,Address 515,City 515,ENG,515,UK,555-000-0515
CUST000516,Company 516,Contact 516,Title 516,Address 516,City 516,ENG,516,UK,555-000-0516
CUST000517,Company 517,Contact 517,Title 517,Address 517,City 517,ENG,517,UK,555-000-0517
CUST000518,Company 518,Contact 518,Title 518,Address 518,City 518,ENG,518,UK,555-000-0518
CUST000519,Company 519,Contact 519,Title 519,Address 519,City 519,ENG,519,UK,555-000-0519
CUST000520,Company 520,Contact 520,Title 520,Address 520,City 520,ENG,520,UK,555-000-0520
CUST000521,Company 521,Contact 521,Title 521,Address 521,City 521,ENG,521,UK,555-000-0521
CUST000522,Company 522,Contact 522,Title 522,Address 522,City 522,ENG,522,UK,555-000-0522
CUST000523,Company 523,Contact 523,Title 523,Address 523,City 523,ENG,523,UK,555-000-0523
CUST000524,Company 524,Contact 524,Title 524,Address 524,City 524,ENG,524,UK,555-000-0524
CUST000525,Company 525,Contact 525,Title 525,Address 525,City 525,ENG,525,UK,555-000-0525
CUST000526,Company 526,Contact 526,Title 526,Address 526,City 526,ENG,526,UK,555-000-0526
CUST000527,Company 527,Contact 527,Title 527,Address 527,City 527,ENG,527,UK,555-000-0527
CUST000528,Company 528,Contact 528,Title 528,Address 528,City 528,ENG,528,UK,555-000-0528
CUST000529,Company 529,Contact 529,Title 529,Address 529,City 529,ENG,529,UK,555-000-0529
CUST000530,Company 530,Contact 530,Title 530,Address 530,City 530,ENG,530,UK,555-000-0530
CUST000531,Company 531,Contact 531,Title 531,Address 531,City 531,ENG,531,UK,555-000-0531
CUST000532,Company 532,Contact 532,Title 532,Address 532,City 532,ENG,532,UK,555-000-0532
CUST000533,Company 533,Contact 533,Title 533,Address 533,City 533,ENG,533,UK,555-000-0533
CUST000534,Company 534,Contact 534,Title 534,Address 534,City 534,ENG,534,UK,555-000-0534
CUST000535,Company 535,Contact 535,Title 535,Address 535,City 535,ENG,535,UK,555-000-0535
CUST000536,Company 536,Contact 536,Title 536,Address 536,City 536,ENG,536,UK,555-000-0536
CUST000537,Company 537,Contact 537,Title 537,Address 537,City 537,ENG,537,UK,555-000-0537
CUST000538,Company 538,Contact 538,Title 538,Address 538,City 538,ENG,538,UK,555-000-0538
CUST000539,Company 539,Contact 539,Title 539,Address 539,City 539,ENG,539,UK,555-000-0539
CUST000540,Company 540,Contact 540,Title 540,Address 540,City 540,ENG,540,UK,555-000-0540
CUST000541,Company 541,Contact 541,Title 541,Address 541,City 541,ENG,541,UK,555-000-0541
CUST000542,Company 542,Contact 542,Title 542,Address 542,City 542,ENG,542,UK,555-000-0542
CUST000543,Company 543,Contact 543,Title 543,Address 543,City 543,ENG,543,UK,555-000-0543
CUST000544,Company 544,Contact 544,Title 544,Address 544,City 544,ENG,544,UK,555-000-0544
CUST000545,Company 545,Contact 545,Title 545,Address 545,City 545,ENG,545,UK,555-000-0545
CUST000546,Company 546,Contact 546,Title 546,Address 546,City 546,ENG,546,UK,555-000-0546
CUST000547,Company 547,Contact 547,Title 547,Address 547,City 547,ENG,547,UK,555-000-0547
CUST000548,Company 548,Contact 548,Title 548,Address 548,City 548,ENG,548,UK,555-000-0548
CUST000549,Company 549,Contact 549,Title 549,Address 549,City 549,ENG,549,UK,555-000-0549
CUST000550,Company 550,Contact 550,Title 550,Address 550,City 550,ENG,550,UK,555-000-0550
CUST000551,Company 551,Contact 551,Title 551,Address 551,City 551,ENG,551,UK,555-000-0551
CUST000552,Company 552,Contact 552,Title 552,Address 552,City 552,ENG,552,UK,555-000-0552
CUST000553,Company 553,Contact 553,Title 553,Address 553,City 553,ENG,553,UK,555-000-0553
CUST000554,Company 554,Contact 554,Title 554,Address 554,City 554,ENG,554,UK,555-000-0554
CUST000555,Company 555,Contact 555,Title 555,Address 555,City 555,ENG,555,UK,555-000-0555
CUST000556,Company 556,Contact 556,Title 556,Address 556,City 556,ENG,556,UK,555-000-0556
CUST000557,Company 557,Contact 557,Title 557,Address 557,City 557,ENG,557,UK,555-000-0557
CUST000558,Company 558,Contact 558,Title 558,Address 558,City 558,ENG,558,UK,555-000-0558
CUST000559,Company 559,Contact 559,Title 559,Address 559,City 559,ENG,559,UK,555-000-0559
CUST000560,Company 560,Contact 560,Title 560,Address 560,City 560,ENG,560,UK,555-000-0560
CUST000561,Company 561,Contact 561,Title 561,Address 561,City 561,ENG,561,UK,555-000-0561
CUST000562,Company 562,Contact 562,Title 562,Address 562,City 562,ENG,562,UK,555-000-0562
CUST000563,Company 563,Contact 563,Title 563,Address 563,City 563,ENG,563,UK,555-000-0563
CUST000564,Company 564,Contact 564,Title 564,Address 564,City 564,ENG,564,UK,555-000-0564
CUST000565,Company 565,Contact 565,Title 565,Address 565,City 565,ENG,565,UK,555-000-0565
CUST000566,Company 566,Contact 566,Title 566,Address 566,City 566,ENG,566,UK,555-000-0566
CUST000567,Company 567,Contact 567,Title 567,Address 567,City 567,ENG,567,UK,555-000-0567
CUST000568,Company 568,Contact 568,Title 568,Address 568,City 568,ENG,568,UK,555-000-0568
CUST000569,Company 569,Contact 569,Title 569,Address 569,City 569,ENG,569,UK,555-000-0569
CUST000570,Company 570,Contact 570,Title 570,Address 570,City 570,ENG,570,UK,555-000-0570
CUST000571,Company 571,Contact 571,Title 571,Address 571,City 571,ENG,571,UK,555-000-0571
CUST000572,Company 572,Contact 572,Title 572,Address 572,City 572,ENG,572,UK,555-000-0572
CUST000573,Company 573,Contact 573,Title 573,Address 573,City 573,ENG,573,UK,555-000-0573
CUST000574,Company 574,Contact 574,Title 574,Address 574,City 574,ENG,574,UK,555-000-0574
CUST000575,Company 575,Contact 575,Title 575,Address 575,City 575,ENG,575,UK,555-000-0575
CUST000576,Company 576,Contact 576,Title 576,Address 576,City 576,ENG,576,UK,555-000-0576
CUST000577,Company 577,Contact 577,Title 577,Address 577,City 577,ENG,577,UK,555-000-0577
CUST000578,Company 578,Contact 578,Title 578,Address 578,City 578,ENG,578,UK,555-000-0578
CUST000579,Company 579,Contact 579,Title 579,Address 579,City 579,ENG,579,UK,555-000-0579
CUST000580,Company 580,Contact 580,Title 580,Address 580,City 580,ENG,580,UK,555-000-0580
CUST000581,Company 581,Contact 581,Title 581,Address 581,City 581,ENG,581,UK,555-000-0581
CUST000582,Company 582,Contact 582,Title 582,Address 582,City 582,ENG,582,UK,555-000-0582
CUST000583,Company 583,Contact 583,Title 583,Address 583,City 583,ENG,583,UK,555-000-0583
CUST000584,Company 584,Contact 584,Title 584,Address 584,City 584,ENG,584,UK,555-000-0584
CUST000585,Company 585,Contact 585,Title 585,Address 585,City 585,ENG,585,UK,555-000-0585
CUST000586,Company 586,Contact 586,Title 586,Address 586,City 586,ENG,586,UK,555-000-0586
CUST000587,Company 587,Contact 587,Title 587,Address 587,City 587,ENG,587,UK,555-000-0587
CUST000588,Company 588,Contact 588,Title 588,Address 588,City 588,ENG,588,UK,555-000-0588
CUST000589,Company 589,Contact 589,Title 589,Address 589,City 589,ENG,589,UK,555-000-0589
CUST000590,Company 590,Contact 590,Title 590,Address 590,City 590,ENG,590,UK,555-000-0590
CUST000591,Company 591,Contact 591,Title 591,Address 591,City 591,ENG,591,UK,555-000-0591
CUST000592,Company 592,Contact 592,Title 592,Address 592,City 592,ENG,592,UK,555-000-0592
CUST000593,Company 593,Contact 593,Title 593,Address 593,City 593,ENG,593,UK,555-000-0593
CUST000594,Company 594,Contact 594,Title 594,Address 594,City 594,ENG,594,UK,555-000-0594
CUST000595,Company 595,Contact 595,Title 595,Address 595,City 595,ENG,595,UK,555-000-0595
CUST000596,Company 596,Contact 596,Title 596,Address 596,City 596,ENG,596,UK,555-000-0596
CUST000597,Company 597,Contact 597,Title 597,Address 597,City 597,ENG,597,UK,555-000-0597
CUST000598,Company 598,Contact 598,Title 598,Address 598,City 598,ENG,598,UK,555-000-0598
CUST000599,Company 599,Contact 599,Title 599,Address 599,City 599,ENG,599,UK,555-000-0599
CUST000600,Company 600,Contact 600,Title 600,Address 600,City 600,ENG,600,UK,555-000-0600
CUST000601,Company 601,Contact 601,Title 601,Address 601,City 601,ENG,601,UK,555-000-0601
CUST000602,Company 602,Contact 602,Title 602,Address 602,City 602,ENG,602,UK,555-000-0602
CUST000603,Company 603,Contact 603,Title 603,Address 603,City 603,ENG,603,UK,555-000-0603
CUST000604,Company 604,Contact 604,Title 604,Address 604,City 604,ENG,604,UK,555-000-0604
CUST000605,Company 605,Contact 605,Title 605,Address 605,City 605,ENG,605,UK,555-000-0605
CUST000606,Company 606,Contact 606,Title 606,Address 606,City 606,ENG,606,UK,555-000-0606
CUST000607,Company 607,Contact 607,Title 607,Address 607,City 607,ENG,607,UK,555-000-0607
CUST000608,Company 608,Contact 608,Title 608,Address 608,City 608,ENG,608,UK,555-000-0608
CUST000609,Company 609,Contact 609,Title 609,Address 609,City 609,ENG,609,UK,555-000-0609
CUST000610,Company 610,Contact 610,Title 610,Address 610,City 610,ENG,610,UK,555-000-0610
CUST000611,Company 611,Contact 611,Title 611,Address 611,City 611,ENG,611,UK,555-000-0611
CUST000612,Company 612,Contact 612,Title 612,Address 612,City 612,ENG,612,UK,555-000-0612
CUST000613,Company 613,Contact 613,Title 613,Address 613,City 613,ENG,613,UK,555-000-0613
CUST000614,Company 614,Contact 614,Title 614,Address 614,City 614,ENG,614,UK,555-000-0614
CUST000615,Company 615,Contact 615,Title 615,Address 615,City 615,ENG,615,UK,555-000-0615
CUST000616,Company 616,Contact 616,Title 616,Address 616,City 616,ENG,616,UK,555-000-0616
CUST000617,Company 617,Contact 617,Title 617,Address 617,City 617,ENG,617,UK,555-000-0617
CUST000618,Company 618,Contact 618,Title 618,Address 618,City 618,ENG,618,UK,555-000-0618
CUST000619,Company 619,Contact 619,Title 619,Address 619,City 619,ENG,619,UK,555-000-0619
CUST000620,Company 620,Contact 620,Title 620,Address 620,City 620,ENG,620,UK,555-000-0620
CUST000621,Company 621,Contact 621,Title 621,Address 621,City 621,ENG,621,UK,555-000-0621
CUST000622,Company 622,Contact 622,Title 622,Address 622,City 622,ENG,622,UK,555-000-0622
CUST000623,Company 623,Contact 623,Title 623,Address 623,City 623,ENG,623,UK,555-000-0623
CUST000624,Company 624,Contact 624,Title 624,Address 624,City 624,ENG,624,UK,555-000-0624
CUST000625,Company 625,Contact 625,Title 625,Address 625,City 625,ENG,625,UK,555-000-0625
CUST000626,Company 626,Contact 626,Title 626,Address 626,City 626,ENG,626,UK,555-000-0626
CUST000627,Company 627,Contact 627,Title 627,Address 627,City 627,ENG,627,UK,555-000-0627
CUST000628,Company 628,Contact 628,Title 628,Address 628,City 628,ENG,628,UK,555-000-0628
CUST000629,Company 629,Contact 629,Title 629,Address 629,City 629,ENG,629,UK,555-000-0629
CUST000630,Company 630,Contact 630,Title 630,Address 630,City 630,ENG,630,UK,555-000-0630
CUST000631,Company 631,Contact 631,Title 631,Address 631,City 631,ENG,631,UK,555-000-0631
CUST000632,Company 632,Contact 632,Title 632,Address 632,City 632,ENG,632,UK,555-000-0632
CUST000633,Company 633,Contact 633,Title 633,Address 633,City 633,ENG,633,UK,555-000-0633
CUST000634,Company 634,Contact 634,Title 634,Address 634,City 634,ENG,634,UK,555-000-0634
CUST000635,Company 635,Contact 635,Title 635,Address 635,City 635,ENG,635,UK,555-000-0635
CUST000636,Company 636,Contact 636,Title 636,Address 636,City 636,ENG,636,UK,555-000-0636
CUST000637,Company 637,Contact 637,Title 637,Address 637,City 637,ENG,637,UK,555-000-0637
CUST000638,Company 638,Contact 638,Title 638,Address 638,City 638,ENG,638,UK,555-000-0638
CUST000639,Company 639,Contact 639,Title 639,Address 639,City 639,ENG,639,UK,555-000-0639
CUST000640,Company 640,Contact 640,Title 640,Address 640,City 640,ENG,640,UK,555-000-0640
CUST000641,Company 641,Contact 641,Title 641,Address 641,City 641,ENG,641,UK,555-000-0641
CUST000642,Company 642,Contact 642,Title 642,Address 642,City 642,ENG,642,UK,555-000-0642
CUST000643,Company 643,Contact 643,Title 643,Address 643,City 643,ENG,643,UK,555-000-0643
CUST000644,Company 644,Contact 644,Title 644,Address 644,City 644,ENG,644,UK,555-000-0644
CUST000645,Company 645,Contact 645,Title 645,Address 645,City 645,ENG,645,UK,555-000-0645
CUST000646,Company 646,Contact 646,Title 646,Address 646,City 646,ENG,646,UK,555-000-0646
CUST000647,Company 647,Contact 647,Title 647,Address 647,City 647,ENG,647,UK,555-000-0647
CUST000648,Company 648,Contact 648,Title 648,Address 648,City 648,ENG,648,UK,555-000-0648
CUST000649,Company 649,Contact 649,Title 649,Address 649,City 649,ENG,649,UK,555-000-0649
CUST000650,Company 650,Contact 650,Title 650,Address 650,City 650,ENG,650,UK,555-000-0650
CUST000651,Company 651,Contact 651,Title 651,Address 651,City 651,ENG,651,UK,555-000-0651
CUST000652,Company 652,Contact 652,Title 652,Address 652,City 652,ENG,652,UK,555-000-0652
CUST000653,Company 653,Contact 653,Title 653,Address 653,City 653,ENG,653,UK,555-000-0653
CUST000654,Company 654,Contact 654,Title 654,Address 654,City 654,ENG,654,UK,555-000-0654
CUST000655,Company 655,Contact 655,Title 655,Address 655,City 655,ENG,655,UK,555-000-0655
CUST000656,Company 656,Contact 656,Title 656,Address 656,City 656,ENG,656,UK,555-000-0656
CUST000657,Company 657,Contact 657,Title 657,Address 657,City 657,ENG,657,UK,555-000-0657
CUST000658,Company 658,Contact 658,Title 658,Address 658,City 658,ENG,658,UK,555-000-0658
CUST000659,Company 659,Contact 659,Title 659,Address 659,City 659,ENG,659,UK,555-000-0659
CUST000660,Company 660,Contact 660,Title 660,Address 660,City 660,ENG,660,UK,555-000-0660
CUST000661,Company 661,Contact 661,Title 661,Address 661,City 661,ENG,661,UK,555-000-0661
CUST000662,Company 662,Contact 662,Title 662,Address 662,City 662,ENG,662,UK,555-000-0662
CUST000663,Company 663,Contact 663,Title 663,Address 663,City 663,ENG,663,UK,555-000-0663
CUST000664,Company 664,Contact 664,Title 664,Address 664,City 664,ENG,664,UK,555-000-0664
CUST000665,Company 665,Contact 665,Title 665,Address 665,City 665,ENG,665,UK,555-000-0665
CUST000666,Company 666,Contact 666,Title 666,Address 666,City 666,ENG,666,UK,555-000-0666
CUST000667,Company 667,Contact 667,Title 667,Address 667,City 667,ENG,667,UK,555-000-0667
CUST000668,Company 668,Contact 668,Title 668,Address 668,City 668,ENG,668,UK,555-000-0668
CUST000669,Company 669,Contact 669,Title 669,Address 669,City 669,ENG,669,UK,555-000-0669
CUST000670,Company 670,Contact 670,Title 670,Address 670,City 670,ENG,670,UK,555-000-0670
CUST000671,Company 671,Contact 671,Title 671,Address 671,City 671,ENG,671,UK,555-000-0671
CUST000672,Company 672,Contact 672,Title 672,Address 672,City 672,ENG,672,UK,555-000-0672
CUST000673,Company 673,Contact 673,Title 673,Address 673,City 673,ENG,673,UK,555-000-0673
CUST000674,Company 674,Contact 674,Title 674,Address 674,City 674,ENG,674,UK,555-000-0674
CUST000675,Company 675,Contact 675,Title 675,Address 675,City 675,ENG,675,UK,555-000-0675
CUST000676,Company 676,Contact 676,Title 676,Address 676,City 676,ENG,676,UK,555-000-0676
CUST000677,Company 677,Contact 677,Title 677,Address 677,City 677,ENG,677,UK,555-000-0677
CUST000678,Company 678,Contact 678,Title 678,Address 678,City 678,ENG,678,UK,555-000-0678
CUST000679,Company 679,Contact 679,Title 679,Address 679,City 679,ENG,679,UK,555-000-0679
CUST000680,Company 680,Contact 680,Title 680,Address 680,City 680,ENG,680,UK,555-000-0680
CUST000681,Company 681,Contact 681,Title 681,Address 681,City 681,ENG,681,UK,555-000-0681
CUST000682,Company 682,Contact 682,Title 682,Address 682,City 682,ENG,682,UK,555-000-0682
CUST000683,Company 683,Contact 683,Title 683,Address 683,City 683,ENG,683,UK,555-000-0683
CUST000684,Company 684,Contact 684,Title 684,Address 684,City 684,ENG,684,UK,555-000-0684
CUST000685,Company 685,Contact 685,Title 685,Address 685,City 685,ENG,685,UK,555-000-0685
CUST000686,Company 686,Contact 686,Title 686,Address 686,City 686,ENG,686,UK,555-000-0686
CUST000687,Company 687,Contact 687,Title 687,Address 687,City 687,ENG,687,UK,555-000-0687
CUST000688,Company 688,Contact 688,Title 688,Address 688,City 688,ENG,688,UK,555-000-0688
CUST000689,Company 689,Contact 689,Title 689,Address 689,City 689,ENG,689,UK,555-000-0689
CUST000690,Company 690,Contact 690,Title 690,Address 690,City 690,ENG,690,UK,555-000-0690
CUST000691,Company 691,Contact 691,Title 691,Address 691,City 691,ENG,691,UK,555-000-0691
CUST000692,Company 692,Contact 692,Title 692,Address 692,City 692,ENG,692,UK,555-000-0692
CUST000693,Company 693,Contact 693,Title 693,Address 693,City 693,ENG,693,UK,555-000-0693
CUST000694,Company 694,Contact 694,Title 694,Address 694,City 694,ENG,694,UK,555-000-0694
CUST000695,Company 695,Contact 695,Title 695,Address 695,City 695,ENG,695,UK,555-000-0695
CUST000696,Company 696,Contact 696,Title 696,Address 696,City 696,ENG,696,UK,555-000-0696
CUST000697,Company 697,Contact 697,Title 697,Address 697,City 697,ENG,697,UK,555-000-0697
CUST000698,Company 698,Contact 698,Title 698,Address 698,City 698,ENG,698,UK,555-000-0698
CUST000699,Company 699,Contact 699,Title 699,Address 699,City 699,ENG,699,UK,555-000-0699
CUST000700,Company 700,Contact 700,Title 700,Address 700,City 700,ENG,700,UK,555-000-0700
CUST000701,Company 701,Contact 701,Title 701,Address 701,City 701,ENG,701,UK,555-000-0701
CUST000702,Company 702,Contact 702,Title 702,Address 702,City 702,ENG,702,UK,555-000-0702
CUST000703,Company 703,Contact 703,Title 703,Address 703,City 703,ENG,703,UK,555-000-0703
CUST000704,Company 704,Contact 704,Title 704,Address 704,City 704,ENG,704,UK,555-000-0704
CUST000705,Company 705,Contact 705,Title 705,Address 705,City 705,ENG,705,UK,555-000-0705
CUST000706,Company 706,Contact 706,Title 706,Address 706,City 706,ENG,706,UK,555-000-0706
CUST000707,Company 707,Contact 707,Title 707,Address 707,City 707,ENG,707,UK,555-000-0707
CUST000708,Company 708,Contact 708,Title 708,Address 708,City 708,ENG,708,UK,555-000-0708
CUST000709,Company 709,Contact 709,Title 709,Address 709,City 709,ENG,709,UK,555-000-0709
CUST000710,Company 710,Contact 710,Title 710,Address 710,City 710,ENG,710,UK,555-000-0710
CUST000711,Company 711,Contact 711,Title 711,Address 711,City 711,ENG,711,UK,555-000-0711
CUST000712,Company 712,Contact 712,Title 712,Address 712,City 712,ENG,712,UK,555-000-0712
CUST000713,Company 713,Contact 713,Title 713,Address 713,City 713,ENG,713,UK,555-000-0713
CUST000714,Company 714,Contact 714,Title 714,Address 714,City 714,ENG,714,UK,555-000-0714
CUST000715,Company 715,Contact 715,Title 715,Address 715,City 715,ENG,715,UK,555-000-0715
CUST000716,Company 716,Contact 716,Title 716,Address 716,City 716,ENG,716,UK,555-000-0716
CUST000717,Company 717,Contact 717,Title 717,Address 717,City 717,ENG,717,UK,555-000-0717
CUST000718,Company 718,Contact 718,Title 718,Address 718,City 718,ENG,718,UK,555-000-0718
CUST000719,Company 719,Contact 719,Title 719,Address 719,City 719,ENG,719,UK,555-000-0719
CUST000720,Company 720,Contact 720,Title 720,Address 720,City 720,ENG,720,UK,555-000-0720
CUST000721,Company 721,Contact 721,Title 721,Address 721,City 721,ENG,721,UK,555-000-0721
CUST000722,Company 722,Contact 722,Title 722,Address 722,City 722,ENG,722,UK,555-000-0722
CUST000723,Company 723,Contact 723,Title 723,Address 723,City 723,ENG,723,UK,555-000-0723
CUST000724,Company 724,Contact 724,Title 724,Address 724,City 724,ENG,724,UK,555-000-0724
CUST000725,Company 725,Contact 725,Title 725,Address 725,City 725,ENG,725,UK,555-000-0725
CUST000726,Company 726,Contact 726,Title 726,Address 726,City 726,ENG,726,UK,555-000-0726
CUST000727,Company 727,Contact 727,Title 727,Address 727,City 727,ENG,727,UK,555-000-0727
CUST000728,Company 728,Contact 728,Title 728,Address 728,City 728,ENG,728,UK,555-000-0728
CUST000729,Company 729,Contact 729,Title 729,Address 729,City 729,ENG,729,UK,555-000-0729
CUST000730,Company 730,Contact 730,Title 730,Address 730,City 730,ENG,730,UK,555-000-0730
CUST000731,Company 731,Contact 731,Title 731,Address 731,City 731,ENG,731,UK,555-000-0731
CUST000732,Company 732,Contact 732,Title 732,Address 732,City 732,ENG,732,UK,555-000-0732
CUST000733,Company 733,Contact 733,Title 733,Address 733,City 733,ENG,733,UK,555-000-0733
CUST000734,Company 734,Contact 734,Title 734,Address 734,City 734,ENG,734,UK,555-000-0734
CUST000735,Company 735,Contact 735,Title 735,Address 735,City 735,ENG,735,UK,555-000-0735
CUST000736,Company 736,Contact 736,Title 736,Address 736,City 736,ENG,736,UK,555-000-0736
CUST000737,Company 737,Contact 737,Title 737,Address 737,City 737,ENG,737,UK,555-000-0737
CUST000738,Company 738,Contact 738,Title 738,Address 738,City 738,ENG,738,UK,555-000-0738
CUST000739,Company 739,Contact 739,Title 739,Address 739,City 739,ENG,739,UK,555-000-0739
CUST000740,Company 740,Contact 740,Title 740,Address 740,City 740,ENG,740,UK,555-000-0740
CUST000741,Company 741,Contact 741,Title 741,Address 741,City 741,ENG,741,UK,555-000-0741
CUST000742,Company 742,Contact 742,Title 742,Address 742,City 742,ENG,742,UK,555-000-0742
CUST000743,Company 743,Contact 743,Title 743,Address 743,City 743,ENG,743,UK,555-000-0743
CUST000744,Company 744,Contact 744,Title 744,Address 744,City 744,ENG,744,UK,555-000-0744
CUST000745,Company 745,Contact 745,Title 745,Address 745,City 745,ENG,745,UK,555-000-0745
CUST000746,Company 746,Contact 746,Title 746,Address 746,City 746,ENG,746,UK,555-000-0746
CUST000747,Company 747,Contact 747,Title 747,Address 747,City 747,ENG,747,UK,555-000-0747
CUST000748,Company 748,Contact 748,Title 748,Address 748,City 748,ENG,748,UK,555-000-0748
CUST000749,Company 749,Contact 749,Title 749,Address 749,City 749,ENG,749,UK,555-000-0749
CUST000750,Company 750,Contact 750,Title 750,Address 750,City 750,ENG,750,UK,555-000-0750
CUST000751,Company 751,Contact 751,Title 751,Address 751,City 751,ENG,751,UK,555-000-0751
CUST000752,Company 752,Contact 752,Title 752,Address 752,City 752,ENG,752,UK,555-000-0752
CUST000753,Company 753,Contact 753,Title 753,Address 753,City 753,ENG,753,UK,555-000-0753
CUST000754,Company 754,Contact 754,Title 754,Address 754,City 754,ENG,754,UK,555-000-0754
CUST000755,Company 755,Contact 755,Title 755,Address 755,City 755,ENG,755,UK,555-000-0755
CUST000756,Company 756,Contact 756,Title 756,Address 756,City 756,ENG,756,UK,555-000-0756
CUST000757,Company 757,Contact 757,Title 757,Address 757,City 757,ENG,757,UK,555-000-0757
CUST000758,Company 758,Contact 758,Title 758,Address 758,City 758,ENG,758,UK,555-000-0758
CUST000759,Company 759,Contact 759,Title 759,Address 759,City 759,ENG,759,UK,555-000-0759
CUST000760,Company 760,Contact 760,Title 760,Address 760,City 760,ENG,760,UK,555-000-0760
CUST000761,Company 761,Contact 761,Title 761,Address 761,City 761,ENG,761,UK,555-000-0761
CUST000762,Company 762,Contact 762,Title 762,Address 762,City 762,ENG,762,UK,555-000-0762
CUST000763,Company 763,Contact 763,Title 763,Address 763,City 763,ENG,763,UK,555-000-0763
CUST000764,Company 764,Contact 764,Title 764,Address 764,City 764,ENG,764,UK,555-000-0764
CUST000765,Company 765,Contact 765,Title 765,Address 765,City 765,ENG,765,UK,555-000-0765
CUST000766,Company 766,Contact 766,Title 766,Address 766,City 766,ENG,766,UK,555-000-0766
CUST000767,Company 767,Contact 767,Title 767,Address 767,City 767,ENG,767,UK,555-000-0767
CUST000768,Company 768,Contact 768,Title 768,Address 768,City 768,ENG,768,UK,555-000-0768
CUST000769,Company 769,Contact 769,Title 769,Address 769,City 769,ENG,769,UK,555-000-0769
CUST000770,Company 770,Contact 770,Title 770,Address 770,City 770,ENG,770,UK,555-000-0770
CUST000771,Company 771,Contact 771,Title 771,Address 771,City 771,ENG,771,UK,555-000-0771
CUST000772,Company 772,Contact 772,Title 772,Address 772,City 772,ENG,772,UK,555-000-0772
CUST000773,Company 773,Contact 773,Title 773,Address 773,City 773,ENG,773,UK,555-000-0773
CUST000774,Company 774,Contact 774,Title 774,Address 774,City 774,ENG,774,UK,555-000-0774
CUST000775,Company 775,Contact 775,Title 775,Address 775,City 775,ENG,775,UK,555-000-0775
CUST000776,Company 776,Contact 776,Title 776,Address 776,City 776,ENG,776,UK,555-000-0776
CUST000777,Company 777,Contact 777,Title 777,Address 777,City 777,ENG,777,UK,555-000-0777
CUST000778,Company 778,Contact 778,Title 778,Address 778,City 778,ENG,778,UK,555-000-0778
CUST000779,Company 779,Contact 779,Title 779,Address 779,City 779,ENG,779,UK,555-000-0779
CUST000780,Company 780,Contact 780,Title 780,Address 780,City 780,ENG,780,UK,555-000-0780
CUST000781,Company 781,Contact 781,Title 781,Address 781,City 781,ENG,781,UK,555-000-0781
CUST000782,Company 782,Contact 782,Title 782,Address 782,City 782,ENG,782,UK,555-000-0782
CUST000783,Company 783,Contact 783,Title 783,Address 783,City 783,ENG,783,UK,555-000-0783
CUST000784,Company 784,Contact 784,Title 784,Address 784,City 784,ENG,784,UK,555-000-0784
CUST000785,Company 785,Contact 785,Title 785,Address 785,City 785,ENG,785,UK,555-000-0785
CUST000786,Company 786,Contact 786,Title 786,Address 786,City 786,ENG,786,UK,555-000-0786
CUST000787,Company 787,Contact 787,Title 787,Address 787,City 787,ENG,787,UK,555-000-0787
CUST000788,Company 788,Contact 788,Title 788,Address 788,City 788,ENG,788,UK,555-000-0788
CUST000789,Company 789,Contact 789,Title 789,Address 789,City 789,ENG,789,UK,555-000-0789
CUST000790,Company 790,Contact 790,Title 790,Address 790,City 790,ENG,790,UK,555-000-0790
CUST000791,Company 791,Contact 791,Title 791,Address 791,City 791,ENG,791,UK,555-000-0791
CUST000792,Company 792,Contact 792,Title 792,Address 792,City 792,ENG,792,UK,555-000-0792
CUST000793,Company 793,Contact 793,Title 793,Address 793,City 793,ENG,793,UK,555-000-0793
CUST000794,Company 794,Contact 794,Title 794,Address 794,City 794,ENG,794,UK,555-000-0794
CUST000795,Company 795,Contact 795,Title 795,Address 795,City 795,ENG,795,UK,555-000-0795
CUST000796,Company 796,Contact 796,Title 796,Address 796,City 796,ENG,796,UK,555-000-0796
CUST000797,Company 797,Contact 797,Title 797,Address 797,City 797,ENG,797,UK,555-000-0797
CUST000798,Company 798,Contact 798,Title 798,Address 798,City 798,ENG,798,UK,555-000-0798
CUST000799,Company 799,Contact 799,Title 799,Address 799,City 799,ENG,799,UK,555-000-0799
CUST000800,Company 800,Contact 800,Title 800,Address 800,City 800,ENG,800,UK,555-000-0800
CUST000801,Company 801,Contact 801,Title 801,Address 801,City 801,ENG,801,UK,555-000-0801
CUST000802,Company 802,Contact 802,Title 802,Address 802,City 802,ENG,802,UK,555-000-0802
CUST000803,Company 803,Contact 803,Title 803,Address 803,City 803,ENG,803,UK,555-000-0803
CUST000804,Company 804,Contact 804,Title 804,Address 804,City 804,ENG,804,UK,555-000-0804
CUST000805,Company 805,Contact 805,Title 805,Address 805,City 805,ENG,805,UK,555-000-0805
CUST000806,Company 806,Contact 806,Title 806,Address 806,City 806,ENG,806,UK,555-000-0806
CUST000807,Company 807,Contact 807,Title 807,Address 807,City 807,ENG,807,UK,555-000-0807
CUST000808,Company 808,Contact 808,Title 808,Address 808,City 808,ENG,808,UK,555-000-0808
CUST000809,Company 809,Contact 809,Title 809,Address 809,City 809,ENG,809,UK,555-000-0809
CUST000810,Company 810,Contact 810,Title 810,Address 810,City 810,ENG,810,UK,555-000-0810
CUST000811,Company 811,Contact 811,Title 811,Address 811,City 811,ENG,811,UK,555-000-0811
CUST000812,Company 812,Contact 812,Title 812,Address 812,City 812,ENG,812,UK,555-000-0812
CUST000813,Company 813,Contact 813,Title 813,Address 813,City 813,ENG,813,UK,555-000-0813
CUST000814,Company 814,Contact 814,Title 814,Address 814,City 814,ENG,814,UK,555-000-0814
CUST000815,Company 815,Contact 815,Title 815,Address 815,City 815,ENG,815,UK,555-000-0815
CUST000816,Company 816,Contact 816,Title 816,Address 816,City 816,ENG,816,UK,555-000-0816
CUST000817,Company 817,Contact 817,Title 817,Address 817,City 817,ENG,817,UK,555-000-0817
CUST000818,Company 818,Contact 818,Title 818,Address 818,City 818,ENG,818,UK,555-000-0818
CUST000819,Company 819,Contact 819,Title 819,Address 819,City 819,ENG,819,UK,555-000-0819
CUST000820,Company 820,Contact 820,Title 820,Address 820,City 820,ENG,820,UK,555-000-0820
CUST000821,Company 821,Contact 821,Title 821,Address 821,City 821,ENG,821,UK,555-000-0821
CUST000822,Company 822,Contact 822,Title 822,Address 822,City 822,ENG,822,UK,555-000-0822
CUST000823,Company 823,Contact 823,Title 823,Address 823,City 823,ENG,823,UK,555-000-0823
CUST000824,Company 824,Contact 824,Title 824,Address 824,City 824,ENG,824,UK,555-000-0824
CUST000825,Company 825,Contact 825,Title 825,Address 825,City 825,ENG,825,UK,555-000-0825
CUST000826,Company 826,Contact 826,Title 826,Address 826,City 826,ENG,826,UK,555-000-0826
CUST000827,Company 827,Contact 827,Title 827,Address 827,City 827,ENG,827,UK,555-000-0827
CUST000828,Company 828,Contact 828,Title 828,Address 828,City 828,ENG,828,UK,555-000-0828
CUST000829,Company 829,Contact 829,Title 829,Address 829,City 829,ENG,829,UK,555-000-0829
CUST000830,Company 830,Contact 830,Title 830,Address 830,City 830,ENG,830,UK,555-000-0830
CUST000831,Company 831,Contact 831,Title 831,Address 831,City 831,ENG,831,UK,555-000-0831
CUST000832,Company 832,Contact 832,Title 832,Address 832,City 832,ENG,832,UK,555-000-0832
CUST000833,Company 833,Contact 833,Title 833,Address 833,City 833,ENG,833,UK,555-000-0833
CUST000834,Company 834,Contact 834,Title 834,Address 834,City 834,ENG,834,UK,555-000-0834
CUST000835,Company 835,Contact 835,Title 835,Address 835,City 835,ENG,835,UK,555-000-0835
CUST000836,Company 836,Contact 836,Title 836,Address 836,City 836,ENG,836,UK,555-000-0836
CUST000837,Company 837,Contact 837,Title 837,Address 837,City 837,ENG,837,UK,555-000-0837
CUST000838,Company 838,Contact 838,Title 838,Address 838,City 838,ENG,838,UK,555-000-0838
CUST000839,Company 839,Contact 839,Title 839,Address 839,City 839,ENG,839,UK,555-000-0839
CUST000840,Company 840,Contact 840,Title 840,Address 840,City 840,ENG,840,UK,555-000-0840
CUST000841,Company 841,Contact 841,Title 841,Address 841,City 841,ENG,841,UK,555-000-0841
CUST000842,Company 842,Contact 842,Title 842,Address 842,City 842,ENG,842,UK,555-000-0842
CUST000843,Company 843,Contact 843,Title 843,Address 843,City 843,ENG,843,UK,555-000-0843
CUST000844,Company 844,Contact 844,Title 844,Address 844,City 844,ENG,844,UK,555-000-0844
CUST000845,Company 845,Contact 845,Title 845,Address 845,City 845,ENG,845,UK,555-000-0845
CUST000846,Company 846,Contact 846,Title 846,Address 846,City 846,ENG,846,UK,555-000-0846
CUST000847,Company 847,Contact 847,Title 847,Address 847,City 847,ENG,847,UK,555-000-0847
CUST000848,Company 848,Contact 848,Title 848,Address 848,City 848,ENG,848,UK,555-000-0848
CUST000849,Company 849,Contact 849,Title 849,Address 849,City 849,ENG,849,UK,555-000-0849
CUST000850,Company 850,Contact 850,Title 850,Address 850,City 850,ENG,850,UK,555-000-0850
CUST000851,Company 851,Contact 851,Title 851,Address 851,City 851,ENG,851,UK,555-000-0851
CUST000852,Company 852,Contact 852,Title 852,Address 852,City 852,ENG,852,UK,555-000-0852
CUST000853,Company 853,Contact 853,Title 853,Address 853,City 853,ENG,853,UK,555-000-0853
CUST000854,Company 854,Contact 854,Title 854,Address 854,City 854,ENG,854,UK,555-000-0854
CUST000855,Company 855,Contact 855,Title 855,Address 855,City 855,ENG,855,UK,555-000-0855
CUST000856,Company 856,Contact 856,Title 856,Address 856,City 856,ENG,856,UK,555-000-0856
CUST000857,Company 857,Contact 857,Title 857,Address 857,City 857,ENG,857,UK,555-000-0857
CUST000858,Company 858,Contact 858,Title 858,Address 858,City 858,ENG,858,UK,555-000-0858
CUST000859,Company 859,Contact 859,Title 859,Address 859,City 859,ENG,859,UK,555-000-0859
CUST000860,Company 860,Contact 860,Title 860,Address 860,City 860,ENG,860,UK,555-000-0860
CUST000861,Company 861,Contact 861,Title 861,Address 861,City 861,ENG,861,UK,555-000-0861
CUST000862,Company 862,Contact 862,Title 862,Address 862,City 862,ENG,862,UK,555-000-0862
CUST000863,Company 863,Contact 863,Title 863,Address 863,City 863,ENG,863,UK,555-000-0863
CUST000864,Company 864,Contact 864,Title 864,Address 864,City 864,ENG,864,UK,555-000-0864
CUST000865,Company 865,Contact 865,Title 865,Address 865,City 865,ENG,865,UK,555-000-0865
CUST000866,Company 866,Contact 866,Title 866,Address 866,City 866,ENG,866,UK,555-000-0866
CUST000867,Company 867,Contact 867,Title 867,Address 867,City 867,ENG,867,UK,555-000-0867
CUST000868,Company 868,Contact 868,Title 868,Address 868,City 868,ENG,868,UK,555-000-0868
CUST000869,Company 869,Contact 869,Title 869,Address 869,City 869,ENG,869,UK,555-000-0869
CUST000870,Company 870,Contact 870,Title 870,Address 870,City 870,ENG,870,UK,555-000-0870
CUST000871,Company 871,Contact 871,Title 871,Address 871,City 871,ENG,871,UK,555-000-0871
CUST000872,Company 872,Contact 872,Title 872,Address 872,City 872,ENG,872,UK,555-000-0872
CUST000873,Company 873,Contact 873,Title 873,Address 873,City 873,ENG,873,UK,555-000-0873
CUST000874,Company 874,Contact 874,Title 874,Address 874,City 874,ENG,874,UK,555-000-0874
CUST000875,Company 875,Contact 875,Title 875,Address 875,City 875,ENG,875,UK,555-000-0875
CUST000876,Company 876,Contact 876,Title 876,Address 876,City 876,ENG,876,UK,555-000-0876
CUST000877,Company 877,Contact 877,Title 877,Address 877,City 877,ENG,877,UK,555-000-0877
CUST000878,Company 878,Contact 878,Title 878,Address 878,City 878,ENG,878,UK,555-000-0878
CUST000879,Company 879,Contact 879,Title 879,Address 879,City 879,ENG,879,UK,555-000-0879
CUST000880,Company 880,Contact 880,Title 880,Address 880,City 880,ENG,880,UK,555-000-0880
CUST000881,Company 881,Contact 881,Title 881,Address 881,City 881,ENG,881,UK,555-000-0881
CUST000882,Company 882,Contact 882,Title 882,Address 882,City 882,ENG,882,UK,555-000-0882
CUST000883,Company 883,Contact 883,Title 883,Address 883,City 883,ENG,883,UK,555-000-0883
CUST000884,Company 884,Contact 884,Title 884,Address 884,City 884,ENG,884,UK,555-000-0884
CUST000885,Company 885,Contact 885,Title 885,Address 885,City 885,ENG,885,UK,555-000-0885
CUST000886,Company 886,Contact 886,Title 886,Address 886,City 886,ENG,886,UK,555-000-0886
CUST000887,Company 887,Contact 887,Title 887,Address 887,City 887,ENG,887,UK,555-000-0887
CUST000888,Company 888,Contact 888,Title 888,Address 888,City 888,ENG,888,UK,555-000-0888
CUST000889,Company 889,Contact 889,Title 889,Address 889,City 889,ENG,889,UK,555-000-0889
CUST000890,Company 890,Contact 890,Title 890,Address 890,City 890,ENG,890,UK,555-000-0890
CUST000891,Company 891,Contact 891,Title 891,Address 891,City 891,ENG,891,UK,555-000-0891
CUST000892,Company 892,Contact 892,Title 892,Address 892,City 892,ENG,892,UK,555-000-0892
CUST000893,Company 893,Contact 893,Title 893,Address 893,City 893,ENG,893,UK,555-000-0893
CUST000894,Company 894,Contact 894,Title 894,Address 894,City 894,ENG,894,UK,555-000-0894
CUST000895,Company 895,Contact 895,Title 895,Address 895,City 895,ENG,895,UK,555-000-0895
CUST000896,Company 896,Contact 896,Title 896,Address 896,City 896,ENG,896,UK,555-000-0896
CUST000897,Company 897,Contact 897,Title 897,Address 897,City 897,ENG,897,UK,555-000-0897
CUST000898,Company 898,Contact 898,Title 898,Address 898,City 898,ENG,898,UK,555-000-0898
CUST000899,Company 899,Contact 899,Title 899,Address 899,City 899,ENG,899,UK,555-000-0899
CUST000900,Company 900,Contact 900,Title 900,Address 900,City 900,ENG,900,UK,555-000-0900
CUST000901,Company 901,Contact 901,Title 901,Address 901,City 901,ENG,901,UK,555-000-0901
CUST000902,Company 902,Contact 902,Title 902,Address 902,City 902,ENG,902,UK,555-000-0902
CUST000903,Company 903,Contact 903,Title 903,Address 903,City 903,ENG,903,UK,555-000-0903
CUST000904,Company 904,Contact 904,Title 904,Address 904,City 904,ENG,904,UK,555-000-0904
CUST000905,Company 905,Contact 905,Title 905,Address 905,City 905,ENG,905,UK,555-000-0905
CUST000906,Company 906,Contact 906,Title 906,Address 906,City 906,ENG,906,UK,555-000-0906
CUST000907,Company 907,Contact 907,Title 907,Address 907,City 907,ENG,907,UK,555-000-0907
CUST000908,Company 908,Contact 908,Title 908,Address 908,City 908,ENG,908,UK,555-000-0908
CUST000909,Company 909,Contact 909,Title 909,Address 909,City 909,ENG,909,UK,555-000-0909
CUST000910,Company 910,Contact 910,Title 910,Address 910,City 910,ENG,910,UK,555-000-0910
CUST000911,Company 911,Contact 911,Title 911,Address 911,City 911,ENG,911,UK,555-000-0911
CUST000912,Company 912,Contact 912,Title 912,Address 912,City 912,ENG,912,UK,555-000-0912
CUST000913,Company 913,Contact 913,Title 913,Address 913,City 913,ENG,913,UK,555-000-0913
CUST000914,Company 914,Contact 914,Title 914,Address 914,City 914,ENG,914,UK,555-000-0914
CUST000915,Company 915,Contact 915,Title 915,Address 915,City 915,ENG,915,UK,555-000-0915
CUST000916,Company 916,Contact 916,Title 916,Address 916,City 916,ENG,916,UK,555-000-0916
CUST000917,Company 917,Contact 917,Title 917,Address 917,City 917,ENG,917,UK,555-000-0917
CUST000918,Company 918,Contact 918,Title 918,Address 918,City 918,ENG,918,UK,555-000-0918
CUST000919,Company 919,Contact 919,Title 919,Address 919,City 919,ENG,919,UK,555-000-0919
CUST000920,Company 920,Contact 920,Title 920,Address 920,City 920,ENG,920,UK,555-000-0920
CUST000921,Company 921,Contact 921,Title 921,Address 921,City 921,ENG,921,UK,555-000-0921
CUST000922,Company 922,Contact 922,Title 922,Address 922,City 922,ENG,922,UK,555-000-0922
CUST000923,Company 923,Contact 923,Title 923,Address 923,City 923,ENG,923,UK,555-000-0923
CUST000924,Company 924,Contact 924,Title 924,Address 924,City 924,ENG,924,UK,555-000-0924
CUST000925,Company 925,Contact 925,Title 925,Address 925,City 925,ENG,925,UK,555-000-0925
CUST000926,Company 926,Contact 926,Title 926,Address 926,City 926,ENG,926,UK,555-000-0926
CUST000927,Company 927,Contact 927,Title 927,Address 927,City 927,ENG,927,UK,555-000-0927
CUST000928,Company 928,Contact 928,Title 928,Address 928,City 928,ENG,928,UK,555-000-0928
CUST000929,Company 929,Contact 929,Title 929,Address 929,City 929,ENG,929,UK,555-000-0929
CUST000930,Company 930,Contact 930,Title 930,Address 930,City 930,ENG,930,UK,555-000-0930
CUST000931,Company 931,Contact 931,Title 931,Address 931,City 931,ENG,931,UK,555-000-0931
CUST000932,Company 932,Contact 932,Title 932,Address 932,City 932,ENG,932,UK,555-000-0932
CUST000933,Company 933,Contact 933,Title 933,Address 933,City 933,ENG,933,UK,555-000-0933
CUST000934,Company 934,Contact 934,Title 934,Address 934,City 934,ENG,934,UK,555-000-0934
CUST000935,Company 935,Contact 935,Title 935,Address 935,City 935,ENG,935,UK,555-000-0935
CUST000936,Company 936,Contact 936,Title 936,Address 936,City 936,ENG,936,UK,555-000-0936
CUST000937,Company 937,Contact 937,Title 937,Address 937,City 937,ENG,937,UK,555-000-0937
CUST000938,Company 938,Contact 938,Title 938,Address 938,City 938,ENG,938,UK,555-000-0938
CUST000939,Company 939,Contact 939,Title 939,Address 939,City 939,ENG,939,UK,555-000-0939
CUST000940,Company 940,Contact 940,Title 940,Address 940,City 940,ENG,940,UK,555-000-0940
CUST000941,Company 941,Contact 941,Title 941,Address 941,City 941,ENG,941,UK,555-000-0941
CUST000942,Company 942,Contact 942,Title 942,Address 942,City 942,ENG,942,UK,555-000-0942
CUST000943,Company 943,Contact 943,Title 943,Address 943,City 943,ENG,943,UK,555-000-0943
CUST000944,Company 944,Contact 944,Title 944,Address 944,City 944,ENG,944,UK,555-000-0944
CUST000945,Company 945,Contact 945,Title 945,Address 945,City 945,ENG,945,UK,555-000-0945
CUST000946,Company 946,Contact 946,Title 946,Address 946,City 946,ENG,946,UK,555-000-0946
CUST000947,Company 947,Contact 947,Title 947,Address 947,City 947,ENG,947,UK,555-000-0947
CUST000948,Company 948,Contact 948,Title 948,Address 948,City 948,ENG,948,UK,555-000-0948
CUST000949,Company 949,Contact 949,Title 949,Address 949,City 949,ENG,949,UK,555-000-0949
CUST000950,Company 950,Contact 950,Title 950,Address 950,City 950,ENG,950,UK,555-000-0950
CUST000951,Company 951,Contact 951,Title 951,Address 951,City 951,ENG,951,UK,555-000-0951
CUST000952,Company 952,Contact 952,Title 952,Address 952,City 952,ENG,952,UK,555-000-0952
CUST000953,Company 953,Contact 953,Title 953,Address 953,City 953,ENG,953,UK,555-000-0953
CUST000954,Company 954,Contact 954,Title 954,Address 954,City 954,ENG,954,UK,555-000-0954
CUST000955,Company 955,Contact 955,Title 955,Address 955,City 955,ENG,955,UK,555-000-0955
CUST000956,Company 956,Contact 956,Title 956,Address 956,City 956,ENG,956,UK,555-000-0956
CUST000957,Company 957,Contact 957,Title 957,Address 957,City 957,ENG,957,UK,555-000-0957
CUST000958,Company 958,Contact 958,Title 958,Address 958,City 958,ENG,958,UK,555-000-0958
CUST000959,Company 959,Contact 959,Title 959,Address 959,City 959,ENG,959,UK,555-000-0959
CUST000960,Company 960,Contact 960,Title 960,Address 960,City 960,ENG,960,UK,555-000-0960
CUST000961,Company 961,Contact 961,Title 961,Address 961,City 961,ENG,961,UK,555-000-0961
CUST000962,Company 962,Contact 962,Title 962,Address 962,City 962,ENG,962,UK,555-000-0962
CUST000963,Company 963,Contact 963,Title 963,Address 963,City 963,ENG,963,UK,555-000-0963
CUST000964,Company 964,Contact 964,Title 964,Address 964,City 964,ENG,964,UK,555-000-0964
CUST000965,Company 965,Contact 965,Title 965,Address 965,City 965,ENG,965,UK,555-000-0965
CUST000966,Company 966,Contact 966,Title 966,Address 966,City 966,ENG,966,UK,555-000-0966
CUST000967,Company 967,Contact 967,Title 967,Address 967,City 967,ENG,967,UK,555-000-0967
CUST000968,Company 968,Contact 968,Title 968,Address 968,City 968,ENG,968,UK,555-000-0968
CUST000969,Company 969,Contact 969,Title 969,Address 969,City 969,ENG,969,UK,555-000-0969
CUST000970,Company 970,Contact 970,Title 970,Address 970,City 970,ENG,970,UK,555-000-0970
CUST000971,Company 971,Contact 971,Title 971,Address 971,City 971,ENG,971,UK,555-000-0971
CUST000972,Company 972,Contact 972,Title 972,Address 972,City 972,ENG,972,UK,555-000-0972
CUST000973,Company 973,Contact 973,Title 973,Address 973,City 973,ENG,973,UK,555-000-0973
CUST000974,Company 974,Contact 974,Title 974,Address 974,City 974,ENG,974,UK,555-000-0974
CUST000975,Company 975,Contact 975,Title 975,Address 975,City 975,ENG,975,UK,555-000-0975
CUST000976,Company 976,Contact 976,Title 976,Address 976,City 976,ENG,976,UK,555-000-0976
CUST000977,Company 977,Contact 977,Title 977,Address 977,City 977,ENG,977,UK,555-000-0977
CUST000978,Company 978,Contact 978,Title 978,Address 978,City 978,ENG,978,UK,555-000-0978
CUST000979,Company 979,Contact 979,Title 979,Address 979,City 979,ENG,979,UK,555-000-0979
CUST000980,Company 980,Contact 980,Title 980,Address 980,City 980,ENG,980,UK,555-000-0980
CUST000981,Company 981,Contact 981,Title 981,Address 981,City 981,ENG,981,UK,555-000-0981
CUST000982,Company 982,Contact 982,Title 982,Address 982,City 982,ENG,982,UK,555-000-0982
CUST000983,Company 983,Contact 983,Title 983,Address 983,City 983,ENG,983,UK,555-000-0983
CUST000984,Company 984,Contact 984,Title 984,Address 984,City 984,ENG,984,UK,555-000-0984
CUST000985,Company 985,Contact 985,Title 985,Address 985,City 985,ENG,985,UK,555-000-0985
CUST000986,Company 986,Contact 986,Title 986,Address 986,City 986,ENG,986,UK,555-000-0986
CUST000987,Company 987,Contact 987,Title 987,Address 987,City 987,ENG,987,UK,555-000-0987
CUST000988,Company 988,Contact 988,Title 988,Address 988,City 988,ENG,988,UK,555-000-0988
CUST000989,Company 989,Contact 989,Title 989,Address 989,City 989,ENG,989,UK,555-000-0989
CUST000990,Company 990,Contact 990,Title 990,Address 990,City 990,ENG,990,UK,555-000-0990
CUST000991,Company 991,Contact 991,Title 991,Address 991,City 991,ENG,991,UK,555-000-0991
CUST000992,Company 992,Contact 992,Title 992,Address 992,City 992,ENG,992,UK,555-000-0992
CUST000993,Company 993,Contact 993,Title 993,Address 993,City 993,ENG,993,UK,555-000-0993
CUST000994,Company 994,Contact 994,Title 994,Address 994,City 994,ENG,994,UK,555-000-0994
CUST000995,Company 995,Contact 995,Title 995,Address 995,City 995,ENG,995,UK,555-000-0995
CUST000996,Company 996,Contact 996,Title 996,Address 996,City 996,ENG,996,UK,555-000-0996
CUST000997,Company 997,Contact 997,Title 997,Address 997,City 997,ENG,997,UK,555-000-0997
CUST000998,Company 998,Contact 998,Title 998,Address 998,City 998,ENG,998,UK,555-000-0998
CUST000999,Company 999,Contact 999,Title 999,Address 999,City 999,ENG,999,UK,555-000-0999
CUST001000,Company 1000,Contact 1000,Title 1000,Address 1000,City 1000,ENG,1000,UK,555-000-1000
